Year,Start_Date,End_Date,Disaster Group,Disaster Type,Total Affected,Total Deaths
2017,2017-04-01,2017-07-21,Natural,Flood,1000000.0,
2017,2017-04-01,2017-04-01,Natural,Storm,679.0,
2017,2017-04-01,2017-04-01,Natural,Landslide,177.0,28.0
2017,2017-04-05,2017-04-21,Natural,Flood,9000.0,1.0
2017,2017-04-05,2017-04-21,Natural,Flood,2200.0,
2017,2017-04-08,2017-04-08,Natural,Earthquake,25000.0,
2017,2017-04-12,2017-06-15,Natural,Extreme temperature ,,264.0
2017,2017-04-14,2017-04-21,Natural,Flood,7000.0,
2017,2017-04-15,2017-04-17,Natural,Storm,5000.0,
2017,2017-04-15,2017-04-16,Natural,Flood,,42.0
2017,2017-04-15,2017-04-15,Natural,Storm,860.0,10.0
2017,2017-04-17,2017-04-21,Natural,Landslide,512.0,20.0
2017,2017-04-19,2017-05-03,Natural,Flood,55921.0,
2017,2017-04-20,2017-04-23,Natural,Storm,5000.0,
2017,2017-04-20,2017-04-23,Natural,Storm,,
2017,2017-04-20,2017-04-23,Natural,Storm,10287.0,
2017,2017-04-22,2017-04-22,Natural,Storm,,11.0
2017,2017-04-22,2017-07-11,Natural,Epidemic,621.0,2.0
2017,2017-04-26,2017-04-29,Natural,Flood,76800.0,8.0
2017,2017-04-27,2017-06-03,Natural,Epidemic,,
2017,2017-04-28,2017-05-01,Natural,Flood,70.0,20.0
2017,2017-04-29,2017-04-29,Natural,Landslide,55.0,24.0
2017,2017-04-29,2017-04-29,Natural,Flood,359.0,12.0
2017,2017-05-01,2017-05-01,Natural,Storm,,12.0
2017,2017-05-03,2017-05-03,Natural,Earthquake,5000.0,
2017,2017-05-03,2017-07-02,Natural,Epidemic,146.0,
2017,2017-05-05,2017-05-20,Natural,Flood,16113.0,2.0
2017,2017-05-07,2017-05-12,Natural,Storm,2564.0,
2017,2017-05-08,2017-05-16,Natural,Flood,25000.0,26.0
2017,2017-05-08,2017-05-16,Natural,Flood,,7.0
2017,2017-05-09,2017-05-11,Natural,Storm,,
2017,2017-05-10,2017-05-23,Natural,Flood,15721.0,
2017,2017-05-11,2017-05-11,Natural,Earthquake,4583.0,8.0
2017,2017-05-11,2017-05-15,Natural,Flood,3000.0,2.0
2017,2017-05-12,2017-05-15,Natural,Flood,25011.0,7.0
2017,2017-05-13,2017-05-13,Natural,Earthquake,2262.0,3.0
2017,2017-05-14,2017-05-19,Natural,Flood,200.0,3.0
2017,2017-05-17,2017-05-19,Natural,Flood,342.0,26.0
2017,2017-05-20,2017-05-24,Natural,Storm,6000.0,9.0
2017,2017-05-20,2017-05-25,Natural,Flood,3274.0,
2017,2017-05-25,2017-05-31,Natural,Flood,879932.0,293.0
2017,2017-05-26,2017-06-10,Natural,Flood,104140.0,14.0
2017,2017-05-28,2017-05-28,Natural,Storm,1250.0,29.0
2017,2017-05-29,2017-06-14,Natural,Flood,3000.0,
2017,2017-05-29,2017-06-14,Natural,Flood,6639.0,
2017,2017-05-29,2017-05-29,Natural,Storm,201.0,16.0
2017,2017-05-30,2017-05-30,Natural,Storm,3300012.0,7.0
2017,2017-05-30,2017-05-31,Natural,Storm,1970.0,
2017,2017-05-31,2017-06-05,Natural,Flood,28500.0,1.0
2017,2017-05-31,2017-06-05,Natural,Flood,4074.0,5.0
2017,2017-06-01,2017-12-31,Natural,Wildfire,9185.0,43.0
2017,2017-06-01,2017-06-31,Natural,Flood,,31.0
2017,2017-06-01,2017-06-03,Natural,Storm,600.0,6.0
2017,2017-06-01,2017-06-03,Natural,Flood,282420.0,4.0
2017,2017-06-01,2017-06-09,Natural,Storm,107520.0,
2017,2017-06-04,2017-06-06,Natural,Flood,100000.0,6.0
2017,2017-06-07,2017-06-08,Natural,Storm,6918.0,9.0
2017,2017-06-07,2017-08-03,Natural,Epidemic,1558.0,11.0
2017,2017-06-07,2017-06-13,Natural,Wildfire,5500.0,9.0
2017,2017-06-08,2017-06-12,Natural,Flood,34500.0,11.0
2017,2017-06-09,2017-06-12,Natural,Storm,2.0,
2017,2017-06-10,2017-06-10,Natural,Storm,113.0,15.0
2017,2017-06-10,2017-06-11,Natural,Flood,645.0,3.0
2017,2017-06-10,2017-06-11,Natural,Flood,160.0,1.0
2017,2017-06-10,2017-06-21,Natural,Flood,225.0,15.0
2017,2017-06-12,2017-06-14,Natural,Landslide,80187.0,160.0
2017,2017-06-12,2017-06-12,Natural,Earthquake,731.0,1.0
2017,2017-06-13,2017-06-15,Natural,Flood,160.0,1.0
2017,2017-06-13,2017-06-19,Natural,Flood,3000.0,16.0
2017,2017-06-15,2017-06-21,Natural,Flood,,10.0
2017,2017-06-16,2017-06-17,Natural,Flood,3024.0,4.0
2017,2017-06-17,2017-06-21,Natural,Wildfire,704.0,64.0
2017,2017-06-20,2017-06-20,Natural,Landslide,,11.0
2017,2017-06-21,2017-06-21,Natural,Storm,1298.0,
2017,2017-06-22,2017-06-23,Natural,Storm,,2.0
2017,2017-06-22,2017-07-07,Natural,Flood,12000008.0,78.0
2017,2017-06-23,2017-06-23,Natural,Landslide,400.0,83.0
2017,2017-06-24,2017-06-28,Natural,Wildfire,1500.0,
2017,2017-06-25,2017-06-29,Natural,Storm,,
2017,2017-06-25,2017-07-24,Natural,Flood,1735000.0,75.0
2017,2017-06-26,2017-09-11,Natural,Flood,2367.0,167.0
2017,2017-06-26,2017-06-26,Natural,Flood,700.0,
2017,2017-06-27,2017-07-05,Natural,Flood,4104.0,1.0
2017,2017-06-29,2017-06-29,Natural,Epidemic,1096.0,34.0
2017,2017-06-30,2017-07-03,Natural,Flood,6000.0,11.0
2017,2017-06-30,2017-07-05,Natural,Landslide,7500.0,11.0
2017,2017-06-30,2017-08-14,Natural,Flood,55647.0,25.0
2017,2017-07-01,2018-02-16,Natural,Epidemic,310.0,154.0
2017,2017-07-02,2017-07-25,Natural,Flood,92000.0,3.0
2017,2017-07-04,2017-07-04,Natural,Flood,3287.0,
2017,2017-07-05,2017-08-02,Natural,Flood,1000000.0,23.0
2017,2017-07-06,2017-07-10,Natural,Wildfire,156.0,
2017,2017-07-06,2017-07-06,Natural,Earthquake,16500.0,3.0
2017,2017-07-06,2017-07-09,Natural,Flood,2700.0,1.0
2017,2017-07-06,2017-07-07,Natural,Flood,2944.0,37.0
2017,2017-07-07,2017-09-15,Natural,Wildfire,43441.0,
2017,2017-07-07,2017-07-10,Natural,Flood,400.0,14.0
2017,2017-07-08,2017-07-11,Natural,Storm,12.0,23.0
2017,2017-07-08,2017-07-09,Natural,Flood,500.0,20.0
2017,2017-07-08,2017-07-11,Natural,Flood,21600.0,13.0
2017,2017-07-11,2017-07-11,Natural,Landslide,,22.0
2017,2017-07-13,2017-07-17,Natural,Storm,174300.0,36.0
2017,2017-07-14,2017-07-21,Natural,Storm,14400.0,19.0
2017,2017-07-15,2017-07-15,Natural,Flood,,10.0
2017,2017-07-16,2017-07-18,Natural,Wildfire,80.0,
2017,2017-07-16,2017-07-18,Natural,Wildfire,200.0,
2017,2017-07-16,2017-07-17,Natural,Storm,30000.0,
2017,2017-07-17,2017-07-19,Natural,Storm,60.0,
2017,2017-07-17,2017-07-18,Natural,Storm,21000.0,9.0
2017,2017-07-17,2017-07-19,Natural,Storm,,
2017,2017-07-17,2017-07-20,Natural,Flood,9600.0,12.0
2017,2017-07-17,2017-07-17,Natural,Flood,1822.0,36.0
2017,2017-07-21,2017-07-21,Natural,Earthquake,360.0,
2017,2017-07-21,2017-07-21,Natural,Earthquake,120.0,2.0
2017,2017-07-21,2017-07-23,Natural,Storm,183.0,
2017,2017-07-24,2017-07-25,Natural,Wildfire,12012.0,
2017,2017-07-24,2017-07-27,Natural,Flood,600.0,
2017,2017-07-25,2017-07-27,Natural,Storm,7339.0,
2017,2017-07-27,2017-07-27,Natural,Storm,270.0,
2017,2017-07-29,2017-07-31,Natural,Storm,131.0,1.0
2017,2017-07-29,2017-08-07,Natural,Wildfire,2000.0,
2017,2017-08-03,2017-08-03,Natural,Storm,13800.0,
2017,2017-08-03,2017-08-03,Natural,Flood,4161.0,39.0
2017,2017-08-04,2017-08-29,Natural,Flood,12890.0,3.0
2017,2017-08-05,2017-08-06,Natural,Storm,,4.0
2017,2017-08-05,2017-08-09,Natural,Storm,210.0,3.0
2017,2017-08-05,2017-08-08,Natural,Storm,630.0,
2017,2017-08-05,2017-08-07,Natural,Storm,1389.0,2.0
2017,2017-08-07,2017-08-07,Natural,Landslide,4.0,25.0
2017,2017-08-07,2017-08-07,Natural,Storm,300.0,
2017,2017-08-08,2017-08-09,Natural,Flood,45000.0,40.0
2017,2017-08-08,2017-08-08,Natural,Earthquake,218325.0,29.0
2017,2017-08-10,2017-08-15,Natural,Flood,2000.0,18.0
2017,2017-08-10,2017-09-07,Natural,Flood,1700134.0,176.0
2017,2017-08-10,2017-08-11,Natural,Storm,,
2017,2017-08-10,2017-08-31,Natural,Flood,8000000.0,144.0
2017,2017-08-10,2017-08-11,Natural,Storm,5844.0,6.0
2017,2017-08-10,2017-08-11,Natural,Storm,,
2017,2017-08-11,2017-08-16,Natural,Flood,37800.0,18.0
2017,2017-08-11,2017-08-31,Natural,Flood,17200000.0,514.0
2017,2017-08-13,2017-08-13,Natural,Landslide,100.0,46.0
2017,2017-08-14,2017-10-11,Natural,Epidemic,652.0,58.0
2017,2017-08-14,2018-02-11,Natural,Epidemic,1799.0,1.0
2017,2017-08-14,2017-08-14,Natural,Landslide,11916.0,1102.0
2017,2017-08-15,2017-09-19,Natural,Flood,10000.0,
2017,2017-08-15,2017-09-14,Natural,Epidemic,2492.0,25.0
2017,2017-08-16,2017-08-16,Natural,Landslide,10.0,174.0
2017,2017-08-16,2017-08-23,Natural,Flood,2700000.0,101.0
2017,2017-08-18,2017-08-19,Natural,Storm,24.0,3.0
2017,2017-08-19,2017-11-26,Natural,Epidemic,2384.0,207.0
2017,2017-08-19,2017-08-19,Natural,Storm,120.0,2.0
2017,2017-08-23,2017-08-23,Natural,Mass movement (dry),200.0,8.0
2017,2017-08-23,2017-08-31,Natural,Flood,3500.0,
2017,2017-08-23,2017-08-23,Natural,Earthquake,2642.0,2.0
2017,2017-08-24,2017-08-24,Natural,Storm,156.0,
2017,2017-08-24,2017-08-24,Natural,Storm,22273.0,8.0
2017,2017-08-24,2017-08-24,Natural,Storm,1.0,1.0
2017,2017-08-24,2017-08-24,Natural,Storm,200.0,10.0
2017,2017-08-25,2017-08-29,Natural,Storm,582024.0,88.0
2017,2017-08-25,2017-08-26,Natural,Storm,,
2017,2017-08-26,2017-09-15,Natural,Flood,206513.0,56.0
2017,2017-08-27,2017-08-27,Natural,Storm,,
2017,2017-08-27,2017-08-27,Natural,Storm,300.0,12.0
2017,2017-08-27,2017-08-27,Natural,Storm,,
2017,2017-08-28,2017-08-29,Natural,Flood,3000.0,
2017,2017-08-28,2017-08-28,Natural,Landslide,758.0,35.0
2017,2017-08-29,2017-08-29,Natural,Flood,12.0,14.0
2017,2017-08-29,2017-08-30,Natural,Flood,8.0,50.0
2017,2017-08-30,2017-09-02,Natural,Storm,1000.0,20.0
2017,2017-09-04,2017-10-06,Natural,Storm,11500.0,13.0
2017,2017-09-04,2017-09-04,Natural,Storm,2040.0,18.0
2017,2017-09-06,2017-09-06,Natural,Storm,6300.0,
2017,2017-09-06,2017-09-07,Natural,Storm,,2.0
2017,2017-09-06,2017-09-06,Natural,Storm,15000.0,4.0
2017,2017-09-06,2017-09-06,Natural,Storm,1800.0,1.0
2017,2017-09-06,2017-09-06,Natural,Storm,500.0,
2017,2017-09-07,2017-09-08,Natural,Storm,1110.0,3.0
2017,2017-09-07,2017-09-08,Natural,Storm,40092.0,1.0
2017,2017-09-07,2017-09-07,Natural,Storm,,4.0
2017,2017-09-08,2017-09-09,Natural,Storm,110.0,12.0
2017,2017-09-08,2017-09-08,Natural,Earthquake,1200250.0,98.0
2017,2017-09-08,2017-09-09,Natural,Storm,,9.0
2017,2017-09-08,2017-09-09,Natural,Storm,,
2017,2017-09-08,2017-09-09,Natural,Storm,5040.0,4.0
2017,2017-09-08,2017-09-09,Natural,Storm,,1.0
2017,2017-09-08,2017-09-09,Natural,Storm,,4.0
2017,2017-09-08,2017-09-10,Natural,Storm,10000000.0,10.0
2017,2017-09-08,2017-09-08,Natural,Earthquake,3601.0,
2017,2017-09-08,2017-09-09,Natural,Storm,,
2017,2017-09-09,2017-09-10,Natural,Storm,1000.0,9.0
2017,2017-09-10,2017-09-28,Natural,Storm,70000.0,97.0
2017,2017-09-11,2017-09-11,Natural,Storm,3500.0,
2017,2017-09-11,2017-09-15,Natural,Storm,9110.0,26.0
2017,2017-09-15,2017-09-16,Natural,Storm,692012.0,14.0
2017,2017-09-16,2017-11-04,Natural,Epidemic,,3.0
2017,2017-09-17,2017-09-19,Natural,Storm,21656.0,2.0
2017,2017-09-17,2017-09-17,Natural,Earthquake,256000.0,369.0
2017,2017-09-17,2017-09-17,Natural,Storm,28500.0,
2017,2017-09-17,2017-09-17,Natural,Storm,137.0,9.0
2017,2017-09-17,2017-09-17,Natural,Storm,5874.0,3.0
2017,2017-09-18,2017-09-18,Natural,Epidemic,30762.0,657.0
2017,2017-09-18,2017-09-18,Natural,Storm,2.0,
2017,2017-09-18,2017-09-18,Natural,Flood,10080.0,
2017,2017-09-18,2017-09-19,Natural,Storm,71393.0,64.0
2017,2017-09-19,2017-09-20,Natural,Flood,500.0,105.0
2017,2017-09-19,2017-09-21,Natural,Storm,750000.0,64.0
2017,2017-09-20,2017-09-20,Natural,Storm,,
2017,2017-09-20,2017-09-20,Natural,Storm,,3.0
2017,2017-09-20,2017-09-20,Natural,Storm,26000.0,5.0
2017,2017-09-20,2017-09-20,Natural,Storm,80002.0,4.0
2017,2017-09-20,2017-09-27,Natural,Flood,14.0,17.0
2017,2017-09-21,2017-09-21,Natural,Storm,,3.0
2017,2017-09-22,2017-09-24,Natural,Flood,8000.0,
2017,2017-09-22,2017-11-28,Natural,Volcanic activity,133349.0,
2017,2017-09-23,2017-10-02,Natural,Volcanic activity,11000.0,
2017,2017-09-24,2017-10-07,Natural,Flood,61500.0,16.0
2017,2017-09-26,2017-10-07,Natural,Flood,800.0,2.0
2017,2017-09-26,2017-09-27,Natural,Storm,,4.0
2017,2017-09-28,2018-02-27,Natural,Epidemic,4371.0,89.0
2017,2017-10-01,2017-10-10,Natural,Flood,15600.0,23.0
2017,2017-10-04,2017-10-04,Natural,Storm,,
2017,2017-10-05,2017-10-06,Natural,Storm,584.0,10.0
2017,2017-10-05,2017-10-05,Natural,Storm,413.0,8.0
2017,2017-10-05,2017-10-06,Natural,Storm,120.0,3.0
2017,2017-10-05,2017-10-06,Natural,Storm,39200.0,15.0
2017,2017-10-06,2017-10-06,Natural,Storm,12000.0,7.0
2017,2017-10-07,2017-10-08,Natural,Storm,60.0,
2017,2017-10-08,2017-10-16,Natural,Flood,40038.0,75.0
2017,2017-10-09,2017-10-10,Natural,Storm,518.0,11.0
2017,2017-10-10,2017-11-08,Natural,Flood,605000.0,9.0
2017,2017-10-15,2017-10-16,Natural,Wildfire,2771.0,45.0
2017,2017-10-17,2017-10-17,Natural,Wildfire,,4.0
2017,2017-10-18,2017-10-20,Natural,Storm,163349.0,9.0
2017,2017-10-22,2017-10-22,Natural,Storm,18810.0,8.0
2017,2017-10-22,2017-10-22,Natural,Landslide,,17.0
2017,2017-10-23,2017-10-29,Natural,Flood,46975.0,8.0
2017,2017-10-23,2017-10-26,Natural,Flood,1000.0,
2017,2017-10-27,2017-10-27,Natural,Flood,13715.0,7.0
2017,2017-10-29,2017-12-21,Natural,Epidemic,298.0,35.0
2017,2017-10-30,2017-11-08,Natural,Flood,4000.0,21.0
2017,2017-11-01,2017-11-03,Natural,Storm,305.0,6.0
2017,2017-11-03,2017-11-08,Natural,Flood,3500.0,7.0
2017,2017-11-03,2017-12-12,Natural,Epidemic,789.0,15.0
2017,2017-11-03,2017-11-13,Natural,Flood,13197.0,9.0
2017,2017-11-03,2017-11-17,Natural,Flood,12000.0,9.0
2017,2017-11-04,2017-11-05,Natural,Storm,4330000.0,123.0
2017,2017-11-05,2017-11-06,Natural,Storm,8.0,
2017,2017-11-09,2017-11-09,Natural,Flood,192.0,22.0
2017,2017-11-11,2017-11-20,Natural,Flood,6024.0,23.0
2017,2017-11-12,2017-11-12,Natural,Earthquake,209000.0,444.0
2017,2017-11-12,2017-11-12,Natural,Earthquake,5969.0,10.0
2017,2017-11-14,2017-11-18,Natural,Flood,50000.0,5.0
2017,2017-11-15,2017-11-15,Natural,Earthquake,5057.0,
2017,2017-11-18,2017-11-18,Natural,Earthquake,23403.0,
2017,2017-11-19,2017-11-24,Natural,Flood,41500.0,8.0
2017,2017-11-19,2017-11-24,Natural,Flood,2280.0,2.0
2017,2017-11-21,2017-11-22,Natural,Flood,481.0,4.0
2017,2017-11-22,2017-11-26,Natural,Flood,70.0,
2017,2017-11-22,2017-11-23,Natural,Flood,300.0,
2017,2017-11-24,2018-02-11,Natural,Epidemic,450.0,6.0
2017,2017-11-25,2017-12-03,Natural,Flood,385498.0,22.0
2017,2017-11-25,2017-12-03,Natural,Flood,13000.0,2.0
2017,2017-11-25,2018-02-13,Natural,Epidemic,1022.0,43.0
2017,2017-11-28,2017-11-29,Natural,Storm,2035.0,11.0
2017,2017-11-29,2017-12-01,Natural,Storm,160077.0,27.0
2017,2017-11-30,2017-12-04,Natural,Flood,21002.0,1.0
2017,2017-12-01,2018-01-23,Natural,Epidemic,126574.0,
2017,2017-12-02,2017-12-02,Natural,Storm,60000.0,884.0
2017,2017-12-04,2017-12-31,Natural,Wildfire,2963.0,2.0
2017,2017-12-11,2017-12-12,Natural,Flood,1000.0,
2017,2017-12-15,2017-12-15,Natural,Earthquake,8895.0,4.0
2017,2017-12-15,2018-02-03,Natural,Epidemic,453.0,
2017,2017-12-16,2017-12-18,Natural,Storm,1861328.0,91.0
2017,2017-12-16,2017-12-17,Natural,Flood,200.0,3.0
2017,2017-12-16,2017-12-16,Natural,Flood,188.0,
2017,2017-12-17,2017-12-18,Natural,Landslide,142.0,22.0
2017,2017-12-18,2017-12-20,Natural,Storm,426.0,
2017,2017-12-20,2017-12-20,Natural,Earthquake,120.0,2.0
2017,2017-12-21,2017-12-26,Natural,Storm,923757.0,58.0
2017,2017-12-31,2018-01-05,Natural,Storm,,22.0
2018,2018-01-01,2018-01-07,Natural,Extreme temperature ,,50.0
2018,2018-01-01,2018-01-03,Natural,Storm,83917.0,3.0
2018,2018-01-01,2018-07-08,Natural,Epidemic,1081.0,90.0
2018,2018-01-01,2018-01-10,Natural,Extreme temperature ,,34.0
2018,2018-01-01,2019-06-29,Natural,Epidemic,57564.0,317.0
2018,2018-01-01,2018-01-05,Natural,Flood,12000.0,2.0
2018,2018-01-01,2018-02-07,Natural,Extreme temperature ,,44.0
2018,2018-01-02,2018-01-03,Natural,Storm,,2.0
2018,2018-01-02,2018-01-03,Natural,Storm,4.0,
2018,2018-01-02,2018-01-05,Natural,Storm,2503700.0,21.0
2018,2018-01-03,2018-01-04,Natural,Storm,30.0,6.0
2018,2018-01-03,2018-01-07,Natural,Flood,15760.0,51.0
2018,2018-01-03,2018-01-04,Natural,Storm,16.0,
2018,2018-01-03,2018-01-04,Natural,Storm,,2.0
2018,2018-01-03,2018-01-05,Natural,Storm,,22.0
2018,2018-01-05,2019-01-05,Natural,Storm,,
2018,2018-01-05,2018-01-08,Natural,Storm,161318.0,73.0
2018,2018-01-05,2018-01-06,Natural,Volcanic activity,736.0,
2018,2018-01-05,2018-01-09,Natural,Extreme temperature ,70000.0,
2018,2018-01-08,2018-01-14,Natural,Landslide,1366.0,21.0
2018,2018-01-13,2018-03-06,Natural,Volcanic activity,86056.0,
2018,2018-01-13,2018-01-17,Natural,Flood,180000.0,11.0
2018,2018-01-13,2018-01-22,Natural,Flood,5000.0,
2018,2018-01-14,2018-01-14,Natural,Earthquake,9319.0,2.0
2018,2018-01-14,2018-01-14,Natural,Volcanic activity,50000.0,
2018,2018-01-14,2018-01-24,Natural,Flood,12000.0,
2018,2018-01-15,2018-01-21,Natural,Storm,30000.0,
2018,2018-01-16,2018-01-22,Natural,Flood,77150.0,11.0
2018,2018-01-17,2018-01-18,Natural,Storm,,1.0
2018,2018-01-17,2018-01-18,Natural,Storm,12.0,5.0
2018,2018-01-17,2018-01-18,Natural,Storm,,
2018,2018-01-17,2018-01-18,Natural,Storm,,3.0
2018,2018-01-18,2018-01-18,Natural,Storm,200.0,
2018,2018-01-19,2018-01-20,Natural,Storm,,15.0
2018,2018-01-20,2018-01-20,Natural,Flood,45000.0,
2018,2018-01-21,2018-01-24,Natural,Storm,,10.0
2018,2018-01-23,2018-01-23,Natural,Earthquake,13811.0,1.0
2018,2018-01-24,2018-01-29,Natural,Storm,7500.0,2.0
2018,2018-01-24,2018-01-29,Natural,Flood,2750.0,
2018,2018-01-31,2018-02-21,Natural,Flood,17000.0,
2018,2018-02-01,2018-02-14,Natural,Flood,300.0,1.0
2018,2018-02-01,2018-02-28,Natural,Extreme temperature ,,7.0
2018,2018-02-03,2018-02-12,Natural,Flood,4900.0,
2018,2018-02-06,2018-02-06,Natural,Earthquake,285.0,84.0
2018,2018-02-10,2018-02-21,Natural,Flood,12186.0,6.0
2018,2018-02-12,2018-02-12,Natural,Storm,,
2018,2018-02-12,2018-02-16,Natural,Storm,254859.0,
2018,2018-02-12,2018-02-13,Natural,Storm,87000.0,
2018,2018-02-14,2018-02-16,Natural,Flood,250.0,4.0
2018,2018-02-15,2018-02-28,Natural,Epidemic,1000.0,31.0
2018,2018-02-16,2018-02-16,Natural,Earthquake,3004.0,
2018,2018-02-18,2018-02-19,Natural,Landslide,300.0,17.0
2018,2018-02-21,2018-02-23,Natural,Flood,100000.0,20.0
2018,2018-02-22,2018-03-03,Natural,Flood,3000.0,8.0
2018,2018-02-22,2018-02-22,Natural,Landslide,50014.0,15.0
2018,2018-02-22,2018-03-07,Natural,Flood,200.0,
2018,2018-02-23,2018-02-28,Natural,Extreme temperature ,,3.0
2018,2018-02-23,2018-03-22,Natural,Flood,4225.0,
2018,2018-02-23,2018-02-28,Natural,Extreme temperature ,,3.0
2018,2018-02-23,2018-02-28,Natural,Extreme temperature ,,9.0
2018,2018-02-23,2018-02-28,Natural,Extreme temperature ,,5.0
2018,2018-02-23,2018-02-28,Natural,Extreme temperature ,,1.0
2018,2018-02-23,2018-02-28,Natural,Extreme temperature ,,2.0
2018,2018-02-26,2018-02-26,Natural,Earthquake,544300.0,145.0
2018,2018-03-01,2018-03-03,Natural,Storm,,9.0
2018,2018-03-03,2018-03-05,Natural,Flood,26051.0,24.0
2018,2018-03-03,2018-03-03,Natural,Storm,177000.0,14.0
2018,2018-03-05,2018-03-09,Natural,Flood,800.0,
2018,2018-03-05,2018-03-05,Natural,Earthquake,,11.0
2018,2018-03-05,2018-03-06,Natural,Flood,3000.0,
2018,2018-03-07,2018-03-07,Natural,Earthquake,,25.0
2018,2018-03-09,2018-03-14,Natural,Flood,400.0,
2018,2018-03-09,2018-03-11,Natural,Flood,600.0,
2018,2018-03-10,2018-03-10,Natural,Wildfire,,17.0
2018,2018-03-12,2018-04-17,Natural,Flood,,14.0
2018,2018-03-14,2018-03-20,Natural,Flood,,15.0
2018,2018-03-14,2018-03-20,Natural,Storm,50872.0,21.0
2018,2018-03-14,2018-03-16,Natural,Flood,1500.0,
2018,2018-03-14,2018-05-31,Natural,Flood,211188.0,72.0
2018,2018-03-18,2018-03-18,Natural,Flood,471.0,
2018,2018-03-19,2018-04-19,Natural,Flood,50000.0,
2018,2018-03-20,2018-03-21,Natural,Flood,1000.0,3.0
2018,2018-03-22,2018-03-26,Natural,Flood,12001.0,3.0
2018,2018-03-25,2018-04-16,Natural,Flood,3672.0,2.0
2018,2018-04-01,2018-04-16,Natural,Flood,,10.0
2018,2018-04-01,2018-05-31,Natural,Flood,700000.0,5.0
2018,2018-04-02,2018-04-02,Natural,Storm,89950.0,7.0
2018,2018-04-09,2018-04-11,Natural,Storm,89250.0,
2018,2018-04-11,2018-04-17,Natural,Flood,9113.0,4.0
2018,2018-04-11,2018-04-11,Natural,Storm,200.0,42.0
2018,2018-04-13,2018-04-15,Natural,Storm,,3.0
2018,2018-04-14,2018-04-18,Natural,Flood,15873.0,15.0
2018,2018-04-14,2018-04-15,Natural,Flood,1596.0,
2018,2018-04-15,2019-06-02,Natural,Epidemic,1428.0,23.0
2018,2018-04-17,2018-04-17,Natural,Storm,22050.0,18.0
2018,2018-04-23,2018-04-24,Natural,Flood,360.0,24.0
2018,2018-04-24,2018-04-28,Natural,Flood,200.0,6.0
2018,2018-04-24,2018-04-27,Natural,Flood,,12.0
2018,2018-04-28,2018-05-01,Natural,Flood,23000.0,
2018,2018-04-28,2018-04-29,Natural,Storm,1200.0,2.0
2018,2018-04-29,2018-04-30,Natural,Storm,,33.0
2018,2018-05-01,2018-05-10,Natural,Storm,200.0,143.0
2018,2018-05-03,2018-05-30,Natural,Volcanic activity,2500.0,
2018,2018-05-04,2018-05-04,Natural,Mass movement (dry),,17.0
2018,2018-05-04,2018-05-09,Natural,Flood,12956.0,
2018,2018-05-05,2018-07-31,Natural,Flood,450000.0,112.0
2018,2018-05-06,2018-05-06,Natural,Earthquake,2499.0,
2018,2018-05-06,2018-05-06,Natural,Landslide,12.0,18.0
2018,2018-05-06,2018-05-09,Natural,Storm,21000.0,32.0
2018,2018-05-07,2018-05-15,Natural,Flood,,60.0
2018,2018-05-07,2018-05-15,Natural,Flood,,18.0
2018,2018-05-07,2018-05-16,Natural,Flood,70000.0,5.0
2018,2018-05-07,2018-05-30,Natural,Flood,225000.0,77.0
2018,2018-05-07,2018-05-14,Natural,Flood,6000.0,2.0
2018,2018-05-08,2018-08-03,Natural,Epidemic,10.0,33.0
2018,2018-05-09,2018-05-10,Natural,Flood,,47.0
2018,2018-05-09,2018-05-22,Natural,Flood,4000.0,72.0
2018,2018-05-10,2018-05-14,Natural,Flood,4000.0,
2018,2018-05-13,2018-05-16,Natural,Storm,,95.0
2018,2018-05-13,2018-05-15,Natural,Storm,75.0,5.0
2018,2018-05-16,2018-05-21,Natural,Flood,5725.0,6.0
2018,2018-05-17,2018-05-20,Natural,Flood,11728.0,15.0
2018,2018-05-18,2018-05-22,Natural,Extreme temperature ,,180.0
2018,2018-05-18,2018-05-22,Natural,Flood,76845.0,2.0
2018,2018-05-18,2018-11-23,Natural,Epidemic,942.0,57.0
2018,2018-05-19,2018-05-26,Natural,Flood,153712.0,20.0
2018,2018-05-20,2018-05-26,Natural,Landslide,17.0,32.0
2018,2018-05-20,2018-05-21,Natural,Storm,25000.0,2.0
2018,2018-05-20,2018-05-22,Natural,Flood,14000.0,21.0
2018,2018-05-21,2018-05-21,Natural,Storm,228000.0,53.0
2018,2018-05-23,2018-05-23,Natural,Storm,,6.0
2018,2018-05-23,2018-05-23,Natural,Storm,750.0,24.0
2018,2018-05-27,2018-05-30,Natural,Storm,,5.0
2018,2018-05-28,2018-05-28,Natural,Storm,,54.0
2018,2018-05-28,2018-05-28,Natural,Earthquake,12000.0,
2018,2018-05-29,2018-05-31,Natural,Flood,4945.0,12.0
2018,2018-05-29,2018-06-02,Natural,Storm,40000.0,9.0
2018,2018-05-30,2019-04-12,Natural,Epidemic,4227.0,90.0
2018,2018-06-01,2018-06-06,Natural,Storm,,42.0
2018,2018-06-01,2018-12-31,Natural,Wildfire,250000.0,88.0
2018,2018-06-03,2018-06-03,Natural,Volcanic activity,1714414.0,461.0
2018,2018-06-05,2018-06-14,Natural,Flood,,12.0
2018,2018-06-05,2018-06-14,Natural,Flood,,14.0
2018,2018-06-06,2018-06-19,Natural,Storm,,1.0
2018,2018-06-08,2018-06-12,Natural,Storm,,61.0
2018,2018-06-11,2018-06-11,Natural,Flood,100.0,
2018,2018-06-18,2018-06-27,Natural,Flood,2750.0,
2018,2018-06-18,2018-06-18,Natural,Earthquake,20715.0,5.0
2018,2018-06-18,2018-06-19,Natural,Flood,25000.0,20.0
2018,2018-06-22,2018-07-03,Natural,Flood,,52.0
2018,2018-06-23,2018-06-27,Natural,Flood,16728.0,33.0
2018,2018-06-25,2018-06-30,Natural,Flood,231.0,
2018,2018-06-27,2018-06-27,Natural,Storm,11541.0,3.0
2018,2018-06-28,2018-07-02,Natural,Flood,600.0,
2018,2018-06-28,2018-06-30,Natural,Storm,600.0,
2018,2018-06-28,2018-07-05,Natural,Flood,36000.0,11.0
2018,2018-06-29,2018-07-02,Natural,Flood,1200.0,
2018,2018-06-29,2018-07-08,Natural,Flood,1500102.0,246.0
2018,2018-06-29,2018-07-05,Natural,Extreme temperature ,,70.0
2018,2018-07-01,2018-07-15,Natural,Extreme temperature ,49000.0,119.0
2018,2018-07-01,2018-07-11,Natural,Flood,1406.0,15.0
2018,2018-07-03,2018-07-05,Natural,Flood,8301.0,
2018,2018-07-05,2018-07-05,Natural,Flood,1143.0,
2018,2018-07-05,2018-10-01,Natural,Epidemic,3824.0,78.0
2018,2018-07-07,2018-07-07,Natural,Flood,1381000.0,3.0
2018,2018-07-08,2018-07-25,Natural,Wildfire,,
2018,2018-07-08,2018-07-08,Natural,Landslide,100.0,24.0
2018,2018-07-09,2018-07-11,Natural,Storm,8000.0,
2018,2018-07-09,2018-07-11,Natural,Storm,,
2018,2018-07-09,2018-07-11,Natural,Flood,400.0,
2018,2018-07-09,2018-07-11,Natural,Flood,7390.0,
2018,2018-07-10,2018-07-11,Natural,Storm,45000.0,
2018,2018-07-10,2018-07-11,Natural,Flood,1519000.0,16.0
2018,2018-07-11,2018-08-03,Natural,Extreme temperature ,13768.0,
2018,2018-07-12,2018-07-12,Natural,Landslide,2750.0,10.0
2018,2018-07-12,2018-07-12,Natural,Landslide,,12.0
2018,2018-07-13,2018-07-16,Natural,Flood,15872.0,101.0
2018,2018-07-15,2018-07-15,Natural,Landslide,45.0,15.0
2018,2018-07-15,2018-08-10,Natural,Flood,109650.0,16.0
2018,2018-07-17,2018-07-31,Natural,Storm,2231101.0,16.0
2018,2018-07-17,2018-07-21,Natural,Storm,1677993.0,
2018,2018-07-18,2018-07-22,Natural,Storm,96000.0,34.0
2018,2018-07-18,2018-07-22,Natural,Wildfire,,
2018,2018-07-18,2018-07-19,Natural,Storm,120000.0,
2018,2018-07-19,2018-07-19,Natural,Storm,16200.0,14.0
2018,2018-07-19,2018-07-22,Natural,Storm,,
2018,2018-07-20,2018-07-23,Natural,Flood,41430.0,20.0
2018,2018-07-22,2018-07-22,Natural,Earthquake,5042.0,
2018,2018-07-22,2018-07-22,Natural,Storm,18000.0,1.0
2018,2018-07-23,2018-07-23,Natural,Flood,5817.0,
2018,2018-07-23,2018-07-23,Natural,Flood,13100.0,136.0
2018,2018-07-23,2018-07-24,Natural,Wildfire,4718.0,100.0
2018,2018-07-23,2018-07-30,Natural,Flood,54666.0,23.0
2018,2018-07-26,2018-07-28,Natural,Flood,1545.0,33.0
2018,2018-07-27,2018-08-31,Natural,Wildfire,3237.0,14.0
2018,2018-07-29,2018-07-29,Natural,Earthquake,102852.0,14.0
2018,2018-08-01,2019-12-13,Natural,Epidemic,3470.0,2287.0
2018,2018-08-01,2018-08-10,Natural,Flood,9700.0,
2018,2018-08-01,2018-09-04,Natural,Flood,70060.0,23.0
2018,2018-08-02,2018-08-06,Natural,Flood,25000.0,3.0
2018,2018-08-03,2018-08-08,Natural,Wildfire,329.0,
2018,2018-08-05,2018-08-05,Natural,Earthquake,516927.0,564.0
2018,2018-08-06,2018-08-09,Natural,Wildfire,,
2018,2018-08-06,2018-08-07,Natural,Storm,18.0,
2018,2018-08-07,2018-08-20,Natural,Flood,23220000.0,504.0
2018,2018-08-07,2018-08-19,Natural,Flood,13150.0,
2018,2018-08-07,2018-11-16,Natural,Epidemic,5164.0,12.0
2018,2018-08-12,2018-08-12,Natural,Storm,2400.0,3.0
2018,2018-08-13,2018-08-13,Natural,Earthquake,18024.0,
2018,2018-08-13,2018-08-16,Natural,Storm,615145.0,
2018,2018-08-15,2018-08-15,Natural,Storm,300.0,2.0
2018,2018-08-15,2018-08-17,Natural,Storm,39600.0,53.0
2018,2018-08-17,2018-08-18,Natural,Storm,9900.0,
2018,2018-08-17,2018-08-19,Natural,Storm,50000.0,13.0
2018,2018-08-19,2018-08-19,Natural,Earthquake,779.0,10.0
2018,2018-08-21,2018-08-21,Natural,Flood,23.0,10.0
2018,2018-08-22,2018-08-23,Natural,Storm,,
2018,2018-08-23,2018-08-24,Natural,Storm,,86.0
2018,2018-08-23,2018-08-26,Natural,Storm,6140.0,7.0
2018,2018-08-24,2018-09-06,Natural,Flood,581268.0,148.0
2018,2018-08-24,2018-08-24,Natural,Flood,,11.0
2018,2018-08-26,2018-08-26,Natural,Earthquake,13255.0,2.0
2018,2018-08-29,2018-09-05,Natural,Flood,6000.0,20.0
2018,2018-08-29,2018-08-31,Natural,Flood,63400.0,7.0
2018,2018-08-29,2018-09-05,Natural,Flood,11400.0,18.0
2018,2018-08-31,2018-10-02,Natural,Flood,100000.0,34.0
2018,2018-09-01,2018-10-06,Natural,Flood,3050.0,46.0
2018,2018-09-03,2018-09-11,Natural,Flood,,2.0
2018,2018-09-04,2018-09-05,Natural,Storm,3900.0,17.0
2018,2018-09-04,2018-09-04,Natural,Landslide,4.0,12.0
2018,2018-09-06,2018-09-06,Natural,Earthquake,6280.0,41.0
2018,2018-09-10,2018-11-18,Natural,Epidemic,119.0,1.0
2018,2018-09-10,2018-09-18,Natural,Storm,,
2018,2018-09-12,2018-09-18,Natural,Storm,1500000.0,53.0
2018,2018-09-16,2018-09-16,Natural,Storm,3800138.0,84.0
2018,2018-09-17,2018-09-17,Natural,Storm,300.0,
2018,2018-09-19,2018-09-19,Natural,Storm,1709511.0,5.0
2018,2018-09-20,2018-09-23,Natural,Flood,120.0,20.0
2018,2018-09-20,2018-10-02,Natural,Flood,1922332.0,199.0
2018,2018-09-21,2018-09-21,Natural,Storm,930.0,
2018,2018-09-21,2018-09-23,Natural,Flood,30000.0,6.0
2018,2018-09-23,2018-09-24,Natural,Flood,,25.0
2018,2018-09-25,2018-09-28,Natural,Flood,1000.0,2.0
2018,2018-09-28,2018-10-01,Natural,Storm,18200.0,4.0
2018,2018-09-28,2018-09-28,Natural,Earthquake,2000000.0,4140.0
2018,2018-10-01,2018-10-19,Natural,Flood,13000.0,4.0
2018,2018-10-01,2018-10-18,Natural,Flood,100.0,
2018,2018-10-01,2018-10-17,Natural,Flood,60000.0,12.0
2018,2018-10-02,2018-10-11,Natural,Flood,125190.0,1.0
2018,2018-10-04,2019-01-07,Natural,Epidemic,98415.0,
2018,2018-10-05,2018-10-06,Natural,Flood,7135.0,9.0
2018,2018-10-06,2018-10-07,Natural,Storm,4200.0,3.0
2018,2018-10-06,2018-10-06,Natural,Earthquake,39336.0,17.0
2018,2018-10-06,2018-10-12,Natural,Flood,75000.0,12.0
2018,2018-10-06,2018-10-11,Natural,Flood,7099.0,4.0
2018,2018-10-09,2018-11-12,Natural,Epidemic,139.0,2.0
2018,2018-10-09,2018-10-11,Natural,Flood,,13.0
2018,2018-10-10,2018-10-11,Natural,Storm,540.0,
2018,2018-10-10,2018-10-11,Natural,Storm,5000.0,49.0
2018,2018-10-11,2018-10-11,Natural,Flood,6948.0,6.0
2018,2018-10-11,2018-10-12,Natural,Flood,20000.0,35.0
2018,2018-10-11,2018-10-11,Natural,Landslide,,51.0
2018,2018-10-11,2018-10-12,Natural,Storm,300200.0,85.0
2018,2018-10-14,2018-10-14,Natural,Storm,,
2018,2018-10-14,2018-10-16,Natural,Storm,88.0,2.0
2018,2018-10-14,2018-10-15,Natural,Storm,15124.0,25.0
2018,2018-10-14,2018-10-15,Natural,Flood,1476.0,14.0
2018,2018-10-15,2018-10-20,Natural,Flood,,5.0
2018,2018-10-17,2018-10-18,Natural,Flood,,7.0
2018,2018-10-19,2018-10-23,Natural,Storm,,14.0
2018,2018-10-19,2018-10-23,Natural,Flood,150000.0,
2018,2018-10-20,2018-10-20,Natural,Flood,1500.0,
2018,2018-10-23,2018-10-23,Natural,Storm,10000.0,6.0
2018,2018-10-24,2018-10-26,Natural,Flood,11303.0,8.0
2018,2018-10-25,2018-10-26,Natural,Flood,35.0,21.0
2018,2018-10-25,2018-10-25,Natural,Storm,,2.0
2018,2018-10-29,2018-11-04,Natural,Storm,2200.0,12.0
2018,2018-10-30,2018-10-30,Natural,Storm,253300.0,12.0
2018,2018-10-30,2018-10-30,Natural,Storm,,
2018,2018-11-01,2018-11-19,Natural,Flood,41300.0,
2018,2018-11-08,2018-11-21,Natural,Wildfire,3.0,2.0
2018,2018-11-09,2018-11-09,Natural,Flood,29.0,13.0
2018,2018-11-09,2018-11-09,Natural,Flood,,1.0
2018,2018-11-10,2018-11-10,Natural,Landslide,300.0,15.0
2018,2018-11-12,2018-11-12,Natural,Flood,1420.0,
2018,2018-11-16,2018-11-16,Natural,Storm,500000.0,45.0
2018,2018-11-17,2018-11-18,Natural,Storm,10028.0,19.0
2018,2018-11-22,2018-11-23,Natural,Flood,25000.0,21.0
2018,2018-11-25,2018-11-28,Natural,Storm,,
2018,2018-11-25,2018-11-25,Natural,Earthquake,716.0,
2018,2018-11-26,2018-12-04,Natural,Flood,3000.0,13.0
2018,2018-12-06,2018-12-10,Natural,Flood,5463.0,9.0
2018,2018-12-07,2019-03-17,Natural,Epidemic,124.0,
2018,2018-12-08,2018-12-10,Natural,Flood,105000.0,14.0
2018,2018-12-15,2018-12-18,Natural,Volcanic activity,7286.0,
2018,2018-12-17,2018-12-19,Natural,Storm,10000.0,8.0
2018,2018-12-22,2018-12-22,Natural,Volcanic activity,47778.0,453.0
2018,2018-12-22,2018-12-25,Natural,Flood,75000.0,2.0
2018,2018-12-24,2018-12-26,Natural,Volcanic activity,328.0,
2018,2018-12-26,2018-12-28,Natural,Storm,,2.0
2018,2018-12-27,2018-12-31,Natural,Storm,1800000.0,
2018,2018-12-28,2018-12-31,Natural,Storm,1016063.0,182.0
2018,2018-12-29,2018-12-29,Natural,Storm,1000.0,
2018,2018-12-31,2019-01-01,Natural,Landslide,,33.0
2019,2019-01-01,2019-01-31,Natural,Flood,,18.0
2019,2019-01-01,2020-02-02,Natural,Epidemic,3600.0,53.0
2019,2019-01-01,2019-07-05,Natural,Epidemic,461542.0,713.0
2019,2019-01-01,2019-01-31,Natural,Flood,,4.0
2019,2019-01-01,2019-01-31,Natural,Flood,15974.0,
2019,2019-01-01,2019-06-17,Natural,Epidemic,418.0,121.0
2019,2019-01-01,2020-12-21,Natural,Epidemic,53834.0,95.0
2019,2019-01-01,2019-12-31,Natural,Drought,750000.0,
2019,2019-01-01,2019-06-29,Natural,Epidemic,106630.0,492.0
2019,2019-01-01,2019-04-27,Natural,Epidemic,22967.0,333.0
2019,2019-01-04,2019-01-04,Natural,Storm,720885.0,7.0
2019,2019-01-05,2019-01-16,Natural,Storm,,11.0
2019,2019-01-05,2019-01-17,Natural,Storm,,1.0
2019,2019-01-06,2019-01-06,Natural,Flood,,30.0
2019,2019-01-06,2020-01-22,Natural,Epidemic,24.0,13.0
2019,2019-01-10,2019-01-23,Natural,Flood,5427.0,
2019,2019-01-11,2019-01-17,Natural,Storm,11009.0,3.0
2019,2019-01-11,2019-01-15,Natural,Storm,57.0,13.0
2019,2019-01-11,2019-01-17,Natural,Flood,31451.0,4.0
2019,2019-01-11,2019-01-30,Natural,Extreme temperature ,5460.0,
2019,2019-01-11,2019-03-22,Natural,Extreme temperature ,125025.0,8.0
2019,2019-01-11,2019-01-11,Natural,Flood,10000.0,4.0
2019,2019-01-11,2019-02-20,Natural,Extreme temperature ,2000.0,
2019,2019-01-13,2019-01-15,Natural,Storm,,4.0
2019,2019-01-16,2019-01-16,Natural,Flood,14000.0,
2019,2019-01-17,2019-01-17,Natural,Flood,2650.0,2.0
2019,2019-01-17,2019-01-21,Natural,Flood,,10.0
2019,2019-01-18,2019-01-21,Natural,Storm,,10.0
2019,2019-01-18,2019-01-25,Natural,Storm,13160.0,
2019,2019-01-19,2019-01-19,Natural,Earthquake,780.0,2.0
2019,2019-01-19,2019-01-20,Natural,Flood,,9.0
2019,2019-01-21,2019-01-23,Natural,Landslide,6643.0,84.0
2019,2019-01-22,2019-01-25,Natural,Flood,,4.0
2019,2019-01-25,2019-01-26,Natural,Landslide,28.0,15.0
2019,2019-01-27,2019-02-09,Natural,Flood,9900.0,3.0
2019,2019-01-27,2019-01-30,Natural,Flood,271.0,12.0
2019,2019-01-27,2019-01-28,Natural,Storm,10111.0,6.0
2019,2019-01-29,2019-01-31,Natural,Storm,,22.0
2019,2019-02-01,2019-02-10,Natural,Flood,600.0,6.0
2019,2019-02-02,2019-02-04,Natural,Landslide,,23.0
2019,2019-02-07,2019-02-07,Natural,Flood,,10.0
2019,2019-02-11,2019-02-18,Natural,Flood,,26.0
2019,2019-02-11,2019-02-25,Natural,Flood,350.0,2.0
2019,2019-02-19,2019-02-22,Natural,Storm,10000.0,
2019,2019-02-20,2019-02-28,Natural,Flood,4255.0,11.0
2019,2019-02-20,2019-02-26,Natural,Flood,9000.0,
2019,2019-02-21,2019-03-05,Natural,Flood,3000.0,14.0
2019,2019-02-21,2019-02-28,Natural,Flood,8379.0,51.0
2019,2019-02-22,2019-02-22,Natural,Earthquake,249.0,
2019,2019-02-23,2019-02-25,Natural,Storm,12.0,2.0
2019,2019-02-24,2019-04-10,Natural,Flood,335540.0,60.0
2019,2019-02-25,2019-03-01,Natural,Flood,6000.0,1.0
2019,2019-02-25,2019-02-25,Natural,Earthquake,32772.0,2.0
2019,2019-02-26,2019-03-04,Natural,Flood,8000.0,1.0
2019,2019-02-28,2019-02-28,Natural,Earthquake,1763.0,
2019,2019-03-01,2019-03-20,Natural,Wildfire,627.0,
2019,2019-03-03,2019-03-04,Natural,Storm,90.0,28.0
2019,2019-03-04,2019-03-10,Natural,Flood,975672.0,60.0
2019,2019-03-06,2019-03-08,Natural,Flood,168397.0,9.0
2019,2019-03-08,2019-03-12,Natural,Flood,,10.0
2019,2019-03-09,2019-03-11,Natural,Flood,63000.0,10.0
2019,2019-03-09,2019-03-10,Natural,Flood,20.0,5.0
2019,2019-03-10,2019-03-11,Natural,Flood,1306.0,12.0
2019,2019-03-14,2019-03-14,Natural,Storm,270186.0,628.0
2019,2019-03-14,2019-03-31,Natural,Flood,2000.0,5.0
2019,2019-03-14,2019-03-15,Natural,Storm,1501500.0,603.0
2019,2019-03-15,2019-04-04,Natural,Flood,2000.0,1.0
2019,2019-03-15,2019-03-15,Natural,Storm,1100.0,3.0
2019,2019-03-16,2019-03-18,Natural,Flood,59540.0,206.0
2019,2019-03-16,2019-03-22,Natural,Flood,1075.0,19.0
2019,2019-03-17,2019-03-17,Natural,Earthquake,1295.0,9.0
2019,2019-03-18,2019-03-26,Natural,Flood,,35.0
2019,2019-03-19,2019-04-10,Natural,Flood,10001076.0,70.0
2019,2019-03-20,2019-03-20,Natural,Landslide,860.0,5.0
2019,2019-03-24,2019-04-02,Natural,Flood,5865.0,10.0
2019,2019-03-30,2019-04-15,Natural,Flood,1281.0,16.0
2019,2019-03-30,2019-03-31,Natural,Storm,14854.0,28.0
2019,2019-03-30,2019-04-03,Natural,Flood,235000.0,2.0
2019,2019-03-31,2019-03-31,Natural,Storm,,15.0
2019,2019-04-01,2019-04-01,Natural,Wildfire,,30.0
2019,2019-04-01,2019-05-13,Natural,Flood,310595.0,16.0
2019,2019-04-04,2019-04-05,Natural,Wildfire,3035.0,1.0
2019,2019-04-07,2019-04-15,Natural,Flood,1647.0,14.0
2019,2019-04-08,2019-04-09,Natural,Flood,4500.0,10.0
2019,2019-04-11,2019-04-12,Natural,Flood,,11.0
2019,2019-04-13,2019-04-14,Natural,Storm,177.0,8.0
2019,2019-04-13,2019-04-14,Natural,Flood,,20.0
2019,2019-04-15,2019-04-18,Natural,Storm,135.0,39.0
2019,2019-04-15,2019-04-15,Natural,Landslide,,10.0
2019,2019-04-16,2019-04-17,Natural,Storm,,50.0
2019,2019-04-18,2019-04-22,Natural,Storm,320.0,
2019,2019-04-20,2019-04-20,Natural,Landslide,109.0,8.0
2019,2019-04-21,2019-04-21,Natural,Landslide,,32.0
2019,2019-04-21,2019-04-25,Natural,Flood,1000.0,73.0
2019,2019-04-22,2019-04-22,Natural,Earthquake,15555.0,25.0
2019,2019-04-22,2019-04-23,Natural,Flood,100.0,15.0
2019,2019-04-23,2019-04-23,Natural,Flood,1800.0,2.0
2019,2019-04-24,2019-04-25,Natural,Storm,345311.0,8.0
2019,2019-04-24,2019-04-26,Natural,Storm,,5.0
2019,2019-04-25,2019-06-23,Natural,Epidemic,871.0,15.0
2019,2019-04-25,2019-04-26,Natural,Flood,2258.0,2.0
2019,2019-04-25,2019-04-25,Natural,Storm,400094.0,45.0
2019,2019-04-25,2019-05-27,Natural,Flood,13002.0,18.0
2019,2019-04-26,2019-04-29,Natural,Landslide,450.0,13.0
2019,2019-04-26,2019-04-26,Natural,Storm,2000000.0,
2019,2019-04-27,2019-05-05,Natural,Flood,19500.0,1.0
2019,2019-05-02,2019-05-02,Natural,Flood,,13.0
2019,2019-05-03,2019-05-03,Natural,Storm,20000000.0,50.0
2019,2019-05-04,2019-05-04,Natural,Storm,10045.0,39.0
2019,2019-05-08,2019-05-08,Natural,Wildfire,12.0,50.0
2019,2019-05-10,2019-05-20,Natural,Flood,2100.0,
2019,2019-05-10,2019-05-11,Natural,Storm,500.0,
2019,2019-05-12,2019-05-13,Natural,Flood,600.0,1.0
2019,2019-05-12,2019-05-15,Natural,Flood,65.0,1.0
2019,2019-05-12,2019-05-12,Natural,Flood,5088.0,
2019,2019-05-13,2019-05-17,Natural,Flood,5000.0,5.0
2019,2019-05-14,2019-05-14,Natural,Earthquake,651.0,
2019,2019-05-15,2019-05-15,Natural,Flood,1200.0,
2019,2019-05-16,2019-05-16,Natural,Flood,507.0,15.0
2019,2019-05-17,2019-05-27,Natural,Flood,,6.0
2019,2019-05-18,2019-05-18,Natural,Flood,,6.0
2019,2019-05-22,2019-05-27,Natural,Flood,36.0,1.0
2019,2019-05-22,2019-05-27,Natural,Flood,561.0,24.0
2019,2019-05-23,2019-05-31,Natural,Storm,150.0,3.0
2019,2019-05-26,2019-05-29,Natural,Flood,2500.0,8.0
2019,2019-05-26,2019-05-26,Natural,Earthquake,15.0,
2019,2019-05-26,2019-05-26,Natural,Earthquake,4272.0,2.0
2019,2019-05-27,2019-05-30,Natural,Flood,265.0,3.0
2019,2019-05-28,2019-06-05,Natural,Flood,20030.0,4.0
2019,2019-05-30,2019-06-08,Natural,Flood,1800.0,
2019,2019-05-30,2019-05-30,Natural,Earthquake,160.0,1.0
2019,2019-05-31,2019-06-07,Natural,Flood,362.0,4.0
2019,2019-06-01,2019-06-03,Natural,Storm,,10.0
2019,2019-06-01,2019-06-07,Natural,Flood,6750.0,4.0
2019,2019-06-01,2019-06-25,Natural,Flood,159.0,
2019,2019-06-01,2019-06-01,Natural,Earthquake,304.0,
2019,2019-06-02,2019-06-07,Natural,Flood,11650.0,
2019,2019-06-02,2019-06-06,Natural,Flood,3000.0,7.0
2019,2019-06-02,2019-06-06,Natural,Flood,1000.0,
2019,2019-06-03,2019-06-23,Natural,Flood,45000.0,
2019,2019-06-03,2019-06-09,Natural,Flood,55495.0,2.0
2019,2019-06-03,2019-06-06,Natural,Flood,3108.0,8.0
2019,2019-06-04,2019-06-08,Natural,Landslide,129953.0,61.0
2019,2019-06-04,2019-06-04,Natural,Flood,,13.0
2019,2019-06-05,2019-06-07,Natural,Flood,234800.0,3.0
2019,2019-06-06,2019-06-09,Natural,Flood,600.0,3.0
2019,2019-06-06,2019-06-14,Natural,Storm,,50.0
2019,2019-06-08,2019-06-18,Natural,Flood,6198.0,
2019,2019-06-09,2019-06-14,Natural,Flood,52000.0,1.0
2019,2019-06-11,2019-06-14,Natural,Flood,80000.0,8.0
2019,2019-06-11,2019-06-24,Natural,Flood,7406.0,
2019,2019-06-11,2019-06-11,Natural,Flood,,3.0
2019,2019-06-13,2019-06-13,Natural,Flood,30000.0,7.0
2019,2019-06-13,2019-07-01,Natural,Flood,4500000.0,300.0
2019,2019-06-15,2019-06-19,Natural,Flood,500.0,12.0
2019,2019-06-17,2019-06-17,Natural,Earthquake,244220.0,13.0
2019,2019-06-18,2019-06-20,Natural,Flood,70.0,10.0
2019,2019-06-18,2019-06-18,Natural,Earthquake,460.0,
2019,2019-06-19,2019-06-19,Natural,Storm,15101.0,4.0
2019,2019-06-21,2020-07-01,Natural,Extreme temperature ,,128.0
2019,2019-06-22,2019-06-22,Natural,Landslide,145.0,2.0
2019,2019-06-24,2019-07-07,Natural,Extreme temperature ,,567.0
2019,2019-06-24,2019-06-30,Natural,Extreme temperature ,,4.0
2019,2019-06-26,2019-06-30,Natural,Extreme temperature ,,2.0
2019,2019-06-26,2019-06-30,Natural,Extreme temperature ,,5.0
2019,2019-06-26,2019-06-30,Natural,Extreme temperature ,,3.0
2019,2019-06-27,2019-06-27,Natural,Storm,150000.0,
2019,2019-06-27,2019-06-27,Natural,Storm,11700.0,
2019,2019-06-28,2019-06-28,Natural,Flood,142.0,2.0
2019,2019-06-28,2019-06-28,Natural,Volcanic activity,15800.0,
2019,2019-06-28,2019-07-03,Natural,Flood,33190.0,31.0
2019,2019-06-28,2019-07-04,Natural,Flood,60.0,52.0
2019,2019-06-29,2019-07-04,Natural,Flood,600.0,2.0
2019,2019-06-29,2019-08-08,Natural,Epidemic,6264.0,17.0
2019,2019-07-02,2019-07-08,Natural,Landslide,18016.0,2.0
2019,2019-07-03,2019-07-03,Natural,Storm,45120.0,6.0
2019,2019-07-05,2019-07-05,Natural,Earthquake,150.0,
2019,2019-07-08,2019-07-29,Natural,Flood,82541.0,119.0
2019,2019-07-08,2019-07-08,Natural,Earthquake,2100.0,1.0
2019,2019-07-08,2019-07-08,Natural,Flood,,1.0
2019,2019-07-10,2019-07-10,Natural,Storm,123.0,7.0
2019,2019-07-13,2019-07-15,Natural,Storm,,1.0
2019,2019-07-13,2019-07-13,Natural,Earthquake,9577.0,
2019,2019-07-14,2019-07-14,Natural,Flood,6200.0,
2019,2019-07-14,2019-07-14,Natural,Earthquake,11804.0,8.0
2019,2019-07-14,2019-09-30,Natural,Flood,3000000.0,1900.0
2019,2019-07-15,2019-07-15,Natural,Flood,,28.0
2019,2019-07-15,2019-07-15,Natural,Flood,360000.0,17.0
2019,2019-07-16,2019-07-28,Natural,Flood,871.0,64.0
2019,2019-07-17,2019-07-18,Natural,Flood,220.0,7.0
2019,2019-07-18,2019-07-18,Natural,Storm,2000.0,4.0
2019,2019-07-19,2019-07-23,Natural,Volcanic activity,3000.0,
2019,2019-07-19,2019-07-22,Natural,Volcanic activity,30000.0,
2019,2019-07-19,2019-07-27,Natural,Extreme temperature ,,400.0
2019,2019-07-21,2019-07-27,Natural,Extreme temperature ,,868.0
2019,2019-07-21,2019-08-29,Natural,Extreme temperature ,,
2019,2019-07-22,2019-07-27,Natural,Extreme temperature ,,400.0
2019,2019-07-22,2019-07-30,Natural,Extreme temperature ,5600.0,11.0
2019,2019-07-23,2019-07-23,Natural,Landslide,40.0,51.0
2019,2019-07-23,2019-07-24,Natural,Flood,,12.0
2019,2019-07-24,2019-07-25,Natural,Extreme temperature ,,
2019,2019-07-24,2019-07-26,Natural,Extreme temperature ,,1.0
2019,2019-07-24,2019-07-24,Natural,Landslide,,15.0
2019,2019-07-25,2019-07-31,Natural,Flood,7000.0,
2019,2019-07-27,2019-07-27,Natural,Earthquake,3027.0,9.0
2019,2019-07-28,2019-07-28,Natural,Landslide,,13.0
2019,2019-07-29,2019-08-08,Natural,Extreme temperature ,18347.0,162.0
2019,2019-07-29,2019-08-01,Natural,Flood,11400.0,
2019,2019-07-29,2019-07-31,Natural,Flood,,16.0
2019,2019-07-30,2019-07-30,Natural,Landslide,150.0,1.0
2019,2019-07-31,2019-08-06,Natural,Flood,500.0,12.0
2019,2019-08-02,2019-08-03,Natural,Flood,5000.0,7.0
2019,2019-08-02,2019-08-02,Natural,Earthquake,2104.0,6.0
2019,2019-08-04,2019-08-05,Natural,Flood,15861.0,13.0
2019,2019-08-05,2019-08-05,Natural,Flood,500.0,27.0
2019,2019-08-08,2019-08-16,Natural,Flood,1875.0,115.0
2019,2019-08-08,2019-08-10,Natural,Flood,61540.0,12.0
2019,2019-08-09,2019-08-09,Natural,Storm,90.0,
2019,2019-08-09,2019-08-12,Natural,Flood,4.0,26.0
2019,2019-08-09,2019-08-09,Natural,Storm,1519.0,
2019,2019-08-10,2019-08-10,Natural,Storm,,2.0
2019,2019-08-10,2019-08-12,Natural,Storm,108000.0,72.0
2019,2019-08-12,2019-08-15,Natural,Flood,17500.0,32.0
2019,2019-08-16,2019-08-20,Natural,Flood,,16.0
2019,2019-08-17,2019-08-17,Natural,Flood,15000.0,1.0
2019,2019-08-17,2019-08-23,Natural,Storm,63453.0,2.0
2019,2019-08-19,2019-08-20,Natural,Landslide,6606.0,38.0
2019,2019-08-20,2019-08-25,Natural,Flood,52500.0,12.0
2019,2019-08-20,2019-08-25,Natural,Flood,52500.0,12.0
2019,2019-08-22,2019-08-22,Natural,Storm,,1.0
2019,2019-08-22,2019-08-22,Natural,Storm,157.0,4.0
2019,2019-08-23,2019-08-29,Natural,Extreme temperature ,,188.0
2019,2019-08-24,2019-09-12,Natural,Flood,6474.0,
2019,2019-08-26,2019-08-27,Natural,Flood,33600.0,3.0
2019,2019-08-27,2019-08-28,Natural,Storm,61502.0,2.0
2019,2019-08-27,2019-08-29,Natural,Flood,302.0,1.0
2019,2019-08-28,2019-09-06,Natural,Storm,,10.0
2019,2019-08-28,2019-08-28,Natural,Flood,200.0,7.0
2019,2019-08-28,2019-08-31,Natural,Flood,10000.0,
2019,2019-08-29,2019-09-03,Natural,Flood,507500.0,19.0
2019,2019-08-29,2019-12-05,Natural,Epidemic,510.0,24.0
2019,2019-08-31,2019-09-03,Natural,Landslide,,20.0
2019,2019-09-01,2019-09-15,Natural,Flood,200000.0,52.0
2019,2019-09-01,2019-09-04,Natural,Storm,14940.0,356.0
2019,2019-09-05,2019-09-06,Natural,Storm,,1.0
2019,2019-09-05,2019-09-08,Natural,Storm,,
2019,2019-09-05,2019-09-08,Natural,Storm,,
2019,2019-09-06,2019-09-07,Natural,Storm,5300000.0,5.0
2019,2019-09-06,2019-09-07,Natural,Storm,71.0,3.0
2019,2019-09-08,2019-09-08,Natural,Earthquake,15582.0,1.0
2019,2019-09-08,2019-09-09,Natural,Flood,29.0,17.0
2019,2019-09-08,2019-09-08,Natural,Earthquake,15582.0,1.0
2019,2019-09-10,2019-09-20,Natural,Flood,8968.0,6.0
2019,2019-09-11,2019-09-11,Natural,Flood,158000.0,19.0
2019,2019-09-11,2019-09-16,Natural,Flood,3500.0,7.0
2019,2019-09-11,2019-09-11,Natural,Flood,36450.0,10.0
2019,2019-09-11,2019-09-20,Natural,Flood,435000.0,12.0
2019,2019-09-17,2019-09-21,Natural,Storm,1000.0,5.0
2019,2019-09-18,2019-09-21,Natural,Flood,1325.0,6.0
2019,2019-09-20,2019-09-20,Natural,Storm,200.0,1.0
2019,2019-09-21,2019-09-21,Natural,Earthquake,4608.0,
2019,2019-09-21,2019-09-27,Natural,Flood,18640.0,12.0
2019,2019-09-23,2019-09-27,Natural,Flood,136607.0,1.0
2019,2019-09-24,2019-09-24,Natural,Storm,2021.0,
2019,2019-09-24,2019-09-24,Natural,Storm,83370.0,2.0
2019,2019-09-24,2019-09-24,Natural,Earthquake,130398.0,39.0
2019,2019-09-26,2019-09-26,Natural,Earthquake,247418.0,31.0
2019,2019-09-26,2019-09-26,Natural,Earthquake,1453.0,1.0
2019,2019-09-27,2019-09-27,Natural,Landslide,37.0,52.0
2019,2019-09-30,2019-09-30,Natural,Storm,1000.0,2.0
2019,2019-09-30,2019-09-30,Natural,Epidemic,16907.0,34.0
2019,2019-09-30,2019-10-03,Natural,Flood,,11.0
2019,2019-10-01,2019-10-13,Natural,Flood,200000.0,
2019,2019-10-01,2019-10-18,Natural,Flood,700000.0,
2019,2019-10-02,2019-10-02,Natural,Storm,,3.0
2019,2019-10-02,2019-10-02,Natural,Storm,1411.0,15.0
2019,2019-10-02,2019-10-16,Natural,Flood,,18.0
2019,2019-10-05,2019-10-15,Natural,Flood,2000.0,6.0
2019,2019-10-06,2019-10-09,Natural,Flood,26102.0,19.0
2019,2019-10-08,2019-10-08,Natural,Storm,120150.0,3.0
2019,2019-10-10,2019-10-17,Natural,Wildfire,603.0,3.0
2019,2019-10-10,2019-12-13,Natural,Flood,233339.0,90.0
2019,2019-10-11,2019-10-13,Natural,Flood,14646.0,12.0
2019,2019-10-12,2019-10-18,Natural,Flood,270.0,
2019,2019-10-12,2019-10-17,Natural,Storm,390470.0,99.0
2019,2019-10-12,2019-10-14,Natural,Flood,106.0,1.0
2019,2019-10-15,2019-10-15,Natural,Landslide,,23.0
2019,2019-10-15,2019-10-28,Natural,Flood,,14.0
2019,2019-10-15,2019-11-06,Natural,Flood,4750.0,3.0
2019,2019-10-15,2019-10-22,Natural,Flood,26255.0,3.0
2019,2019-10-15,2019-10-25,Natural,Flood,,14.0
2019,2019-10-16,2019-10-17,Natural,Storm,15000.0,2.0
2019,2019-10-16,2019-10-16,Natural,Earthquake,3283.0,7.0
2019,2019-10-19,2019-10-19,Natural,Flood,14.0,28.0
2019,2019-10-19,2019-10-23,Natural,Flood,27500.0,12.0
2019,2019-10-20,2019-10-21,Natural,Storm,,4.0
2019,2019-10-21,2019-10-24,Natural,Flood,1000.0,3.0
2019,2019-10-22,2019-10-23,Natural,Flood,3.0,5.0
2019,2019-10-22,2019-11-19,Natural,Epidemic,394.0,
2019,2019-10-24,2019-10-24,Natural,Flood,8200.0,5.0
2019,2019-10-24,2019-10-24,Natural,Flood,23000.0,
2019,2019-10-25,2019-10-26,Natural,Flood,270.0,10.0
2019,2019-10-26,2019-10-31,Natural,Wildfire,662.0,
2019,2019-10-26,2019-10-27,Natural,Flood,2412.0,
2019,2019-10-26,2019-10-27,Natural,Flood,9435.0,
2019,2019-10-27,2019-11-17,Natural,Flood,23250.0,20.0
2019,2019-10-28,2019-11-03,Natural,Storm,54.0,1.0
2019,2019-10-28,2019-11-03,Natural,Storm,,1.0
2019,2019-10-28,2019-10-28,Natural,Landslide,,54.0
2019,2019-10-28,2019-10-28,Natural,Flood,1111.0,7.0
2019,2019-10-29,2019-10-29,Natural,Earthquake,26025.0,10.0
2019,2019-10-31,2019-10-31,Natural,Earthquake,260703.0,23.0
2019,2019-10-31,2019-11-02,Natural,Storm,,1.0
2019,2019-11-03,2019-11-03,Natural,Storm,12.0,
2019,2019-11-03,2019-11-03,Natural,Storm,20014.0,1.0
2019,2019-11-07,2019-11-08,Natural,Flood,100.0,1.0
2019,2019-11-08,2019-11-08,Natural,Earthquake,23084.0,6.0
2019,2019-11-09,2019-11-10,Natural,Storm,251506.0,40.0
2019,2019-11-09,2019-11-10,Natural,Storm,130000.0,12.0
2019,2019-11-10,2019-11-10,Natural,Storm,673.0,19.0
2019,2019-11-11,2019-11-11,Natural,Earthquake,754.0,
2019,2019-11-11,2019-11-12,Natural,Storm,20.0,4.0
2019,2019-11-12,2019-11-18,Natural,Storm,200.0,2.0
2019,2019-11-12,2019-11-13,Natural,Storm,2150.0,3.0
2019,2019-11-16,2019-11-17,Natural,Flood,672.0,2.0
2019,2019-11-17,2019-11-17,Natural,Storm,3000.0,
2019,2019-11-19,2019-11-26,Natural,Flood,399894.0,43.0
2019,2019-11-20,2019-11-25,Natural,Flood,,
2019,2019-11-20,2019-11-25,Natural,Flood,,10.0
2019,2019-11-21,2019-11-28,Natural,Flood,250000.0,11.0
2019,2019-11-23,2019-11-24,Natural,Storm,625.0,5.0
2019,2019-11-23,2019-11-23,Natural,Landslide,120.0,97.0
2019,2019-11-23,2019-11-24,Natural,Storm,,
2019,2019-11-25,2019-11-27,Natural,Flood,300.0,
2019,2019-11-26,2019-11-26,Natural,Earthquake,202913.0,51.0
2019,2019-11-27,2019-12-03,Natural,Storm,,10.0
2019,2019-11-27,2019-12-04,Natural,Flood,500.0,3.0
2019,2019-11-29,2019-12-10,Natural,Flood,155009.0,12.0
2019,2019-11-29,2019-12-07,Natural,Flood,6000.0,36.0
2019,2019-11-29,2019-12-04,Natural,Flood,25000.0,27.0
2019,2019-11-30,2019-12-06,Natural,Flood,15000.0,2.0
2019,2019-11-30,2019-12-02,Natural,Flood,102.0,5.0
2019,2019-12-02,2019-12-07,Natural,Flood,167436.0,9.0
2019,2019-12-02,2019-12-03,Natural,Storm,2647558.0,4.0
2019,2019-12-02,2019-12-11,Natural,Flood,3500.0,2.0
2019,2019-12-05,2019-12-05,Natural,Landslide,9942.0,37.0
2019,2019-12-05,2019-12-08,Natural,Storm,,
2019,2019-12-06,2019-12-11,Natural,Flood,6000.0,
2019,2019-12-07,2019-12-10,Natural,Storm,30000.0,6.0
2019,2019-12-09,2019-12-10,Natural,Storm,20293.0,5.0
2019,2019-12-09,2019-12-09,Natural,Volcanic activity,23.0,21.0
2019,2019-12-11,2019-12-11,Natural,Landslide,,40.0
2019,2019-12-12,2019-12-17,Natural,Storm,613.0,2.0
2019,2019-12-12,2019-12-17,Natural,Flood,5000.0,14.0
2019,2019-12-13,2019-12-14,Natural,Landslide,1000.0,7.0
2019,2019-12-13,2019-12-14,Natural,Landslide,,24.0
2019,2019-12-15,2019-12-15,Natural,Earthquake,394565.0,14.0
2019,2019-12-15,2020-01-10,Natural,Flood,900.0,
2019,2019-12-16,2019-12-18,Natural,Storm,,18.0
2019,2019-12-18,2019-12-18,Natural,Flood,65250.0,65.0
2019,2019-12-18,2019-12-19,Natural,Flood,4065.0,
2019,2019-12-18,2019-12-23,Natural,Flood,65322.0,3.0
2019,2019-12-19,2019-12-22,Natural,Storm,4.0,
2019,2019-12-19,2019-12-22,Natural,Storm,,7.0
2019,2019-12-19,2019-12-22,Natural,Storm,,2.0
2019,2019-12-19,2019-12-21,Natural,Flood,60000.0,6.0
2019,2019-12-21,2019-12-28,Natural,Flood,3773.0,14.0
2019,2019-12-24,2019-12-28,Natural,Storm,3297246.0,63.0
2019,2019-12-24,2019-12-26,Natural,Wildfire,747.0,
2019,2019-12-25,2019-12-25,Natural,Flood,565.0,12.0
2019,2019-12-26,2019-12-26,Natural,Storm,7780.0,1.0
2019,2019-12-26,2019-12-26,Natural,Flood,,18.0
2019,2019-12-27,2020-01-23,Natural,Flood,58066.0,28.0
2019,2019-12-31,2020-01-03,Natural,Flood,501110.0,66.0
2020,2020-01-01,2020-02-17,Natural,Epidemic,365.0,47.0
2020,2020-01-01,2020-01-24,Natural,Flood,106846.0,40.0
2020,2020-01-04,2020-01-09,Natural,Flood,,7.0
2020,2020-01-07,2020-01-09,Natural,Storm,300.0,2.0
2020,2020-01-07,2020-01-07,Natural,Earthquake,5078.0,4.0
2020,2020-01-09,2020-01-22,Natural,Flood,196152.0,4.0
2020,2020-01-10,2020-01-12,Natural,Storm,,10.0
2020,2020-01-11,2020-01-14,Natural,Storm,,11.0
2020,2020-01-11,2020-01-13,Natural,Storm,1000104.0,107.0
2020,2020-01-12,2020-01-15,Natural,Storm,7481.0,13.0
2020,2020-01-12,2020-01-22,Natural,Volcanic activity,736802.0,1.0
2020,2020-01-14,2020-01-15,Natural,Flood,7213.0,
2020,2020-01-15,2020-01-16,Natural,Storm,250.0,
2020,2020-01-17,2020-01-18,Natural,Storm,3115.0,2.0
2020,2020-01-17,2020-01-27,Natural,Flood,11012.0,61.0
2020,2020-01-18,2020-01-18,Natural,Storm,5500.0,
2020,2020-01-18,2020-02-05,Natural,Extreme temperature ,30000.0,3.0
2020,2020-01-19,2020-01-21,Natural,Storm,,
2020,2020-01-19,2020-01-21,Natural,Storm,2000.0,17.0
2020,2020-01-19,2020-01-22,Natural,Flood,,10.0
2020,2020-01-21,2020-01-22,Natural,Storm,,
2020,2020-01-23,2020-01-28,Natural,Flood,75000.0,10.0
2020,2020-01-23,2020-01-24,Natural,Flood,240.0,
2020,2020-01-24,2020-01-24,Natural,Earthquake,70607.0,41.0
2020,2020-01-27,2020-02-03,Natural,Flood,28258.0,29.0
2020,2020-01-28,2020-02-13,Natural,Flood,9762.0,3.0
2020,2020-01-28,2020-01-29,Natural,Flood,2122.0,9.0
2020,2020-02-01,2020-02-05,Natural,Flood,2400.0,
2020,2020-02-02,2020-02-04,Natural,Flood,498.0,19.0
2020,2020-02-04,2020-02-11,Natural,Flood,,1.0
2020,2020-02-04,2020-02-06,Natural,Flood,2250.0,1.0
2020,2020-02-04,2020-02-05,Natural,Landslide,84.0,41.0
2020,2020-02-05,2020-02-06,Natural,Flood,200.0,7.0
2020,2020-02-07,2020-02-10,Natural,Flood,200.0,3.0
2020,2020-02-07,2020-02-09,Natural,Storm,,1.0
2020,2020-02-07,2020-02-08,Natural,Storm,5.0,1.0
2020,2020-02-07,2020-02-09,Natural,Storm,,1.0
2020,2020-02-08,2020-02-09,Natural,Storm,,1.0
2020,2020-02-08,2020-02-08,Natural,Storm,31.0,
2020,2020-02-08,2020-02-29,Natural,Flood,5000.0,17.0
2020,2020-02-08,2020-02-09,Natural,Storm,6.0,3.0
2020,2020-02-08,2020-02-08,Natural,Storm,,2.0
2020,2020-02-09,2020-02-09,Natural,Storm,33.0,
2020,2020-02-09,2020-02-09,Natural,Storm,,
2020,2020-02-09,2020-02-11,Natural,Flood,658.0,5.0
2020,2020-02-10,2020-02-17,Natural,Flood,3000.0,
2020,2020-02-11,2020-02-17,Natural,Flood,8700.0,2.0
2020,2020-02-11,2020-02-11,Natural,Flood,10905.0,
2020,2020-02-11,2020-02-19,Natural,Flood,3000.0,3.0
2020,2020-02-13,2020-02-26,Natural,Flood,115000.0,6.0
2020,2020-02-13,2020-02-13,Natural,Flood,2511.0,8.0
2020,2020-02-13,2020-02-14,Natural,Landslide,260.0,22.0
2020,2020-02-15,2020-03-03,Natural,Epidemic,106127.0,20.0
2020,2020-02-17,2020-02-25,Natural,Flood,6461.0,15.0
2020,2020-02-22,2020-02-24,Natural,Flood,,
2020,2020-02-23,2020-02-23,Natural,Earthquake,15075.0,
2020,2020-02-23,2020-02-23,Natural,Landslide,13.0,15.0
2020,2020-02-23,2020-02-23,Natural,Earthquake,3050.0,9.0
2020,2020-02-24,2020-04-30,Natural,Flood,22.0,21.0
2020,2020-02-24,2020-03-12,Natural,Flood,24000.0,
2020,2020-02-26,2020-02-27,Natural,Flood,157.0,14.0
2020,2020-02-26,2020-02-28,Natural,Flood,112000.0,10.0
2020,2020-02-28,2020-03-02,Natural,Flood,17700.0,3.0
2020,2020-02-28,2020-02-28,Natural,Flood,480.0,
2020,2020-02-29,2020-03-02,Natural,Flood,152.0,4.0
2020,2020-03-02,2020-03-05,Natural,Storm,12300.0,25.0
2020,2020-03-02,2020-03-10,Natural,Storm,4652.0,5.0
2020,2020-03-02,2020-03-03,Natural,Flood,5000.0,60.0
2020,2020-03-02,2020-03-10,Natural,Flood,5242.0,3.0
2020,2020-03-04,2020-03-06,Natural,Flood,40000.0,2.0
2020,2020-03-04,2020-03-26,Natural,Flood,4836.0,66.0
2020,2020-03-06,2020-03-06,Natural,Flood,1000.0,
2020,2020-03-10,2020-03-17,Natural,Flood,17500.0,
2020,2020-03-11,2020-03-15,Natural,Flood,20400.0,40.0
2020,2020-03-13,2020-03-13,Natural,Flood,9131.0,3.0
2020,2020-03-13,2020-03-17,Natural,Storm,3200.0,4.0
2020,2020-03-14,2020-03-18,Natural,Flood,73000.0,
2020,2020-03-16,2020-03-17,Natural,Flood,10000.0,3.0
2020,2020-03-16,2020-03-22,Natural,Storm,5000.0,2.0
2020,2020-03-17,2020-04-01,Natural,Flood,30000.0,
2020,2020-03-18,2020-03-21,Natural,Flood,1500.0,8.0
2020,2020-03-20,2020-03-21,Natural,Flood,84609.0,
2020,2020-03-20,2020-03-26,Natural,Flood,700000.0,
2020,2020-03-21,2020-03-24,Natural,Flood,700.0,12.0
2020,2020-03-22,2020-03-22,Natural,Earthquake,78942.0,1.0
2020,2020-03-25,2020-03-26,Natural,Flood,23129.0,2.0
2020,2020-03-27,2020-03-28,Natural,Storm,,
2020,2020-03-28,2020-04-02,Natural,Flood,550.0,
2020,2020-03-28,2020-04-21,Natural,Flood,18031.0,56.0
2020,2020-03-29,2020-04-01,Natural,Flood,56488.0,1.0
2020,2020-03-30,2020-03-31,Natural,Wildfire,1200.0,19.0
2020,2020-03-30,2020-04-02,Natural,Flood,,20.0
2020,2020-03-31,2020-04-06,Natural,Flood,179.0,24.0
2020,2020-04-04,2020-04-05,Natural,Flood,100.0,4.0
2020,2020-04-04,2020-04-07,Natural,Flood,60000.0,
2020,2020-04-04,2020-04-05,Natural,Storm,83837.0,5.0
2020,2020-04-05,2020-04-06,Natural,Storm,,28.0
2020,2020-04-06,2020-04-09,Natural,Storm,,
2020,2020-04-06,2020-04-09,Natural,Storm,1289.0,
2020,2020-04-08,2020-04-09,Natural,Storm,180000.0,1.0
2020,2020-04-09,2020-04-16,Natural,Flood,25000.0,
2020,2020-04-10,2020-04-14,Natural,Storm,200.0,38.0
2020,2020-04-10,2020-04-10,Natural,Landslide,100.0,10.0
2020,2020-04-10,2020-04-16,Natural,Flood,2501.0,8.0
2020,2020-04-13,2020-04-16,Natural,Flood,,5.0
2020,2020-04-13,2020-04-19,Natural,Flood,27000.0,
2020,2020-04-15,2020-04-30,Natural,Flood,150030.0,10.0
2020,2020-04-16,2020-05-18,Natural,Flood,92580.0,52.0
2020,2020-04-17,2020-05-10,Natural,Flood,16210.0,72.0
2020,2020-04-17,2020-05-05,Natural,Flood,200.0,5.0
2020,2020-04-17,2020-04-25,Natural,Flood,,9.0
2020,2020-04-18,2020-06-01,Natural,Flood,810655.0,285.0
2020,2020-04-18,2020-04-24,Natural,Flood,10600.0,30.0
2020,2020-04-19,2020-04-26,Natural,Flood,21000.0,
2020,2020-04-20,2020-04-28,Natural,Flood,1000020.0,26.0
2020,2020-04-20,2020-04-28,Natural,Flood,2000.0,
2020,2020-04-20,2020-04-26,Natural,Flood,110000.0,8.0
2020,2020-04-20,2020-04-21,Natural,Flood,2062.0,
2020,2020-04-20,2020-05-08,Natural,Flood,219000.0,12.0
2020,2020-04-21,2020-04-24,Natural,Storm,31.0,3.0
2020,2020-04-22,2020-04-26,Natural,Flood,19323.0,2.0
2020,2020-04-22,2020-04-27,Natural,Storm,30013.0,3.0
2020,2020-04-25,2020-04-29,Natural,Flood,2000.0,
2020,2020-04-26,2020-04-30,Natural,Flood,12936.0,1.0
2020,2020-04-29,2020-05-09,Natural,Storm,50502.0,2.0
2020,2020-04-30,2020-05-05,Natural,Flood,110000.0,2.0
2020,2020-05-01,2020-05-04,Natural,Flood,505.0,8.0
2020,2020-05-01,2020-05-04,Natural,Flood,33000.0,
2020,2020-05-01,2020-05-31,Natural,Storm,600000.0,20.0
2020,2020-05-01,2020-05-11,Natural,Flood,70050.0,4.0
2020,2020-05-02,2020-05-02,Natural,Earthquake,150.0,
2020,2020-05-02,2020-05-03,Natural,Storm,,2.0
2020,2020-05-02,2020-05-05,Natural,Flood,5500.0,4.0
2020,2020-05-05,2020-05-05,Natural,Flood,500.0,
2020,2020-05-05,2020-05-05,Natural,Flood,139.0,
2020,2020-05-08,2020-05-08,Natural,Flood,100000.0,3.0
2020,2020-05-08,2020-05-08,Natural,Flood,3805.0,7.0
2020,2020-05-09,2020-05-09,Natural,Landslide,,12.0
2020,2020-05-09,2020-05-11,Natural,Flood,16000.0,3.0
2020,2020-05-10,2020-05-13,Natural,Flood,,29.0
2020,2020-05-11,2020-05-11,Natural,Flood,285.0,
2020,2020-05-14,2020-05-16,Natural,Flood,2690.0,2.0
2020,2020-05-15,2020-05-17,Natural,Storm,578740.0,5.0
2020,2020-05-17,2020-05-20,Natural,Storm,1100.0,4.0
2020,2020-05-17,2020-05-20,Natural,Flood,10000.0,1.0
2020,2020-05-18,2020-05-18,Natural,Earthquake,3324.0,4.0
2020,2020-05-20,2020-05-23,Natural,Storm,,2.0
2020,2020-05-20,2020-05-20,Natural,Storm,18000000.0,90.0
2020,2020-05-20,2020-05-20,Natural,Storm,2600000.0,26.0
2020,2020-05-21,2020-07-30,Natural,Flood,4200000.0,280.0
2020,2020-05-21,2020-05-25,Natural,Flood,25000.0,11.0
2020,2020-05-22,2020-06-04,Natural,Flood,41837.0,4.0
2020,2020-05-22,2021-05-22,Natural,Storm,,
2020,2020-05-22,2021-05-22,Natural,Storm,,
2020,2020-05-24,2020-05-26,Natural,Flood,30002.0,1.0
2020,2020-05-25,2020-05-26,Natural,Storm,3833.0,
2020,2020-05-27,2020-05-27,Natural,Storm,,
2020,2020-05-27,2020-05-31,Natural,Flood,100.0,3.0
2020,2020-05-27,2020-06-02,Natural,Landslide,155850.0,21.0
2020,2020-05-28,2020-05-28,Natural,Landslide,,10.0
2020,2020-05-30,2020-05-31,Natural,Storm,1200.0,5.0
2020,2020-05-30,2020-05-31,Natural,Storm,306886.0,2.0
2020,2020-05-31,2020-05-31,Natural,Storm,149840.0,32.0
2020,2020-06-01,2020-06-09,Natural,Flood,5000.0,
2020,2020-06-01,2020-06-11,Natural,Flood,5000.0,7.0
2020,2020-06-01,2020-11-11,Natural,Epidemic,,55.0
2020,2020-06-03,2020-06-04,Natural,Flood,215.0,16.0
2020,2020-06-03,2020-06-03,Natural,Storm,7500.0,6.0
2020,2020-06-03,2020-06-05,Natural,Flood,1835.0,
2020,2020-06-03,2020-06-03,Natural,Storm,606.0,
2020,2020-06-04,2020-06-04,Natural,Earthquake,1560.0,
2020,2020-06-05,2020-06-11,Natural,Flood,18024.0,
2020,2020-06-07,2020-06-07,Natural,Storm,,1.0
2020,2020-06-08,2020-06-10,Natural,Flood,200.0,3.0
2020,2020-06-10,2020-06-26,Natural,Flood,1161.0,3.0
2020,2020-06-10,2020-06-11,Natural,Flood,200.0,
2020,2020-06-11,2020-06-15,Natural,Flood,12003.0,7.0
2020,2020-06-11,2020-06-12,Natural,Flood,750.0,1.0
2020,2020-06-13,2020-06-14,Natural,Storm,60000.0,
2020,2020-06-14,2020-06-14,Natural,Earthquake,6635.0,1.0
2020,2020-06-14,2020-06-16,Natural,Flood,300.0,4.0
2020,2020-06-15,2020-07-20,Natural,Flood,191000.0,6.0
2020,2020-06-15,2020-09-30,Natural,Flood,5448271.0,257.0
2020,2020-06-15,2020-06-17,Natural,Flood,18657.0,24.0
2020,2020-06-17,2020-06-18,Natural,Landslide,20000.0,4.0
2020,2020-06-17,2020-06-17,Natural,Flood,4070.0,
2020,2020-06-18,2020-06-19,Natural,Flood,10000.0,
2020,2020-06-20,2020-06-25,Natural,Flood,1210.0,
2020,2020-06-21,2020-06-23,Natural,Flood,72.0,7.0
2020,2020-06-21,2020-06-25,Natural,Flood,1230.0,2.0
2020,2020-06-22,2020-06-29,Natural,Flood,55000.0,3.0
2020,2020-06-22,2020-06-26,Natural,Storm,360.0,
2020,2020-06-22,2020-06-24,Natural,Flood,360.0,
2020,2020-06-22,2020-06-23,Natural,Flood,2100.0,
2020,2020-06-22,2020-06-23,Natural,Flood,15000.0,
2020,2020-06-22,2020-06-24,Natural,Flood,74000.0,3.0
2020,2020-06-23,2020-06-23,Natural,Earthquake,24393.0,10.0
2020,2020-06-24,2020-10-31,Natural,Flood,193425.0,155.0
2020,2020-06-24,2020-07-31,Natural,Flood,,30.0
2020,2020-06-25,2020-06-25,Natural,Earthquake,278.0,
2020,2020-06-27,2020-07-01,Natural,Flood,9000.0,
2020,2020-06-29,2020-07-05,Natural,Flood,390.0,
2020,2020-06-29,2020-07-10,Natural,Flood,250114.0,82.0
2020,2020-06-30,2020-07-01,Natural,Storm,1119.0,12.0
2020,2020-06-30,2020-07-05,Natural,Flood,10000000.0,22.0
2020,2020-07-01,2020-07-15,Natural,Flood,30000.0,11.0
2020,2020-07-01,2020-09-10,Natural,Flood,632608.0,73.0
2020,2020-07-01,2020-07-02,Natural,Landslide,1554.0,174.0
2020,2020-07-02,2020-07-04,Natural,Flood,12000.0,8.0
2020,2020-07-03,2020-07-31,Natural,Flood,14534.0,105.0
2020,2020-07-06,2020-07-06,Natural,Wildfire,300.0,5.0
2020,2020-07-08,2020-08-15,Natural,Flood,13875.0,
2020,2020-07-13,2020-07-13,Natural,Storm,2836.0,
2020,2020-07-13,2020-07-30,Natural,Flood,9000.0,10.0
2020,2020-07-18,2020-07-21,Natural,Flood,2621.0,5.0
2020,2020-07-19,2020-07-30,Natural,Flood,25000.0,
2020,2020-07-22,2020-07-25,Natural,Flood,150.0,17.0
2020,2020-07-25,2020-07-25,Natural,Storm,,
2020,2020-07-25,2020-07-26,Natural,Storm,,5.0
2020,2020-07-29,2020-07-30,Natural,Storm,10000.0,2.0
2020,2020-07-29,2020-08-03,Natural,Flood,5133.0,
2020,2020-07-30,2020-08-16,Natural,Extreme temperature ,,1924.0
2020,2020-07-31,2020-08-01,Natural,Flood,100.0,16.0
2020,2020-07-31,2020-08-02,Natural,Storm,500.0,
2020,2020-07-31,2020-08-02,Natural,Storm,5595.0,2.0
2020,2020-07-31,2020-08-02,Natural,Storm,,16.0
2020,2020-08-01,2020-10-12,Natural,Flood,34872.0,3.0
2020,2020-08-01,2020-08-12,Natural,Flood,6000.0,42.0
2020,2020-08-01,2020-08-05,Natural,Flood,9006.0,20.0
2020,2020-08-01,2020-08-03,Natural,Storm,,4.0
2020,2020-08-01,2020-08-03,Natural,Storm,1000.0,
2020,2020-08-01,2020-08-01,Natural,Flood,23461.0,
2020,2020-08-02,2020-08-02,Natural,Storm,,1.0
2020,2020-08-03,2020-08-04,Natural,Storm,1007.0,26.0
2020,2020-08-03,2020-08-04,Natural,Storm,1.0,1.0
2020,2020-08-04,2020-08-10,Natural,Flood,85000.0,22.0
2020,2020-08-05,2020-08-05,Natural,Storm,15100.0,
2020,2020-08-05,2020-08-08,Natural,Extreme temperature ,,1460.0
2020,2020-08-05,2020-08-16,Natural,Extreme temperature ,,400.0
2020,2020-08-07,2020-08-07,Natural,Landslide,,70.0
2020,2020-08-07,2020-08-07,Natural,Earthquake,15000.0,
2020,2020-08-08,2020-08-12,Natural,Storm,,4.0
2020,2020-08-08,2020-08-10,Natural,Flood,5100.0,3.0
2020,2020-08-08,2020-08-09,Natural,Flood,600.0,8.0
2020,2020-08-09,2020-08-09,Natural,Flood,150.0,11.0
2020,2020-08-10,2020-08-11,Natural,Storm,12235.0,
2020,2020-08-12,2020-08-12,Natural,Landslide,182.0,3.0
2020,2020-08-16,2020-10-01,Natural,Wildfire,,32.0
2020,2020-08-18,2020-08-18,Natural,Earthquake,4980.0,1.0
2020,2020-08-19,2020-08-19,Natural,Flood,4000.0,1.0
2020,2020-08-22,2020-08-23,Natural,Flood,,16.0
2020,2020-08-22,2020-08-23,Natural,Flood,40000.0,1.0
2020,2020-08-23,2020-08-23,Natural,Storm,44175.0,39.0
2020,2020-08-25,2020-08-31,Natural,Storm,8700.0,8.0
2020,2020-08-25,2020-09-04,Natural,Flood,20445.0,212.0
2020,2020-08-25,2020-09-10,Natural,Flood,91428.0,13.0
2020,2020-08-26,2020-10-22,Natural,Epidemic,801.0,
2020,2020-08-26,2020-08-27,Natural,Storm,10000.0,4.0
2020,2020-08-27,2020-08-28,Natural,Storm,6500.0,33.0
2020,2020-08-29,2020-08-30,Natural,Storm,920.0,3.0
2020,2020-09-01,2020-10-15,Natural,Wildfire,140079.0,3.0
2020,2020-09-01,2020-09-08,Natural,Flood,9282.0,
2020,2020-09-01,2020-09-22,Natural,Flood,40000.0,3.0
2020,2020-09-01,2020-10-31,Natural,Flood,57000.0,11.0
2020,2020-09-01,2020-09-15,Natural,Flood,10700.0,9.0
2020,2020-09-02,2020-09-02,Natural,Storm,8.0,
2020,2020-09-03,2020-09-04,Natural,Storm,2400.0,1.0
2020,2020-09-05,2020-09-06,Natural,Flood,,4.0
2020,2020-09-05,2020-09-06,Natural,Flood,16798.0,7.0
2020,2020-09-05,2020-09-12,Natural,Flood,40000.0,6.0
2020,2020-09-06,2020-09-08,Natural,Storm,,2.0
2020,2020-09-06,2020-09-07,Natural,Flood,49541.0,
2020,2020-09-07,2020-09-07,Natural,Storm,52.0,2.0
2020,2020-09-11,2020-09-12,Natural,Flood,26402.0,
2020,2020-09-11,2020-09-18,Natural,Storm,,8.0
2020,2020-09-18,2020-09-21,Natural,Storm,125000.0,6.0
2020,2020-09-18,2020-09-21,Natural,Storm,,
2020,2020-09-18,2020-09-21,Natural,Storm,,1.0
2020,2020-09-19,2020-09-19,Natural,Flood,421.0,2.0
2020,2020-09-20,2020-09-20,Natural,Volcanic activity,18685.0,
2020,2020-09-28,2020-09-28,Natural,Landslide,170.0,11.0
2020,2020-09-30,2020-10-08,Natural,Wildfire,1668.0,11.0
2020,2020-10-01,2020-10-02,Natural,Flood,7000.0,6.0
2020,2020-10-01,2020-10-24,Natural,Storm,759360.0,38.0
2020,2020-10-01,2020-10-26,Natural,Flood,150000.0,152.0
2020,2020-10-01,2020-10-03,Natural,Flood,35422.0,13.0
2020,2020-10-01,2020-10-31,Natural,Flood,145000.0,22.0
2020,2020-10-02,2020-10-04,Natural,Storm,12980.0,18.0
2020,2020-10-02,2020-10-04,Natural,Storm,94.0,7.0
2020,2020-10-02,2020-10-03,Natural,Storm,13.0,
2020,2020-10-02,2020-10-06,Natural,Storm,3500.0,6.0
2020,2020-10-04,2020-10-05,Natural,Wildfire,195.0,
2020,2020-10-06,2020-11-03,Natural,Storm,1500000.0,243.0
2020,2020-10-06,2020-10-20,Natural,Storm,69764.0,2.0
2020,2020-10-07,2020-10-11,Natural,Storm,9400.0,4.0
2020,2020-10-07,2020-10-11,Natural,Storm,,
2020,2020-10-08,2020-10-10,Natural,Wildfire,,
2020,2020-10-09,2020-10-09,Natural,Wildfire,21.0,
2020,2020-10-09,2020-10-31,Natural,Storm,274923.0,6.0
2020,2020-10-09,2020-10-09,Natural,Flood,400.0,
2020,2020-10-13,2020-10-14,Natural,Storm,70780.0,2.0
2020,2020-10-13,2020-10-14,Natural,Storm,,6.0
2020,2020-10-13,2020-10-16,Natural,Flood,250.0,1.0
2020,2020-10-13,2020-10-15,Natural,Flood,,12.0
2020,2020-10-13,2020-10-14,Natural,Storm,250.0,3.0
2020,2020-10-18,2020-10-18,Natural,Landslide,,16.0
2020,2020-10-21,2020-10-31,Natural,Flood,10000.0,15.0
2020,2020-10-24,2020-10-30,Natural,Storm,,6.0
2020,2020-10-28,2020-10-28,Natural,Storm,888415.0,31.0
2020,2020-10-29,2020-10-29,Natural,Storm,450000.0,41.0
2020,2020-10-29,2020-10-29,Natural,Landslide,525.0,42.0
2020,2020-10-30,2020-10-30,Natural,Earthquake,919.0,2.0
2020,2020-10-30,2020-10-30,Natural,Earthquake,6034.0,115.0
2020,2020-10-31,2020-11-02,Natural,Flood,26460.0,
2020,2020-10-31,2020-10-31,Natural,Storm,,
2020,2020-10-31,2020-11-01,Natural,Storm,3356394.0,31.0
2020,2020-11-01,2020-12-04,Natural,Epidemic,222.0,76.0
2020,2020-11-02,2020-11-04,Natural,Storm,,
2020,2020-11-02,2020-11-02,Natural,Flood,66000.0,
2020,2020-11-02,2020-11-04,Natural,Storm,,31.0
2020,2020-11-02,2020-11-04,Natural,Storm,49800.0,
2020,2020-11-03,2020-11-04,Natural,Storm,5000.0,79.0
2020,2020-11-03,2020-11-04,Natural,Storm,25000.0,
2020,2020-11-03,2020-11-04,Natural,Storm,2415888.0,160.0
2020,2020-11-03,2020-11-04,Natural,Storm,4566584.0,110.0
2020,2020-11-03,2020-11-04,Natural,Storm,30000.0,2.0
2020,2020-11-04,2020-11-04,Natural,Storm,60000.0,
2020,2020-11-08,2020-11-12,Natural,Storm,,12.0
2020,2020-11-08,2020-11-17,Natural,Flood,3690.0,3.0
2020,2020-11-09,2020-11-10,Natural,Flood,90000.0,27.0
2020,2020-11-09,2020-11-10,Natural,Flood,300.0,
2020,2020-11-10,2020-11-10,Natural,Storm,5000.0,2.0
2020,2020-11-10,2020-11-10,Natural,Storm,,11.0
2020,2020-11-11,2020-11-12,Natural,Storm,514909.0,111.0
2020,2020-11-11,2020-11-12,Natural,Flood,120.0,13.0
2020,2020-11-11,2020-11-12,Natural,Flood,570.0,
2020,2020-11-14,2020-11-17,Natural,Storm,228000.0,23.0
2020,2020-11-15,2020-11-15,Natural,Storm,,
2020,2020-11-17,2020-11-18,Natural,Storm,578000.0,14.0
2020,2020-11-17,2020-11-21,Natural,Storm,210.0,10.0
2020,2020-11-17,2020-11-18,Natural,Storm,,4.0
2020,2020-11-17,2020-11-17,Natural,Storm,131298.0,2.0
2020,2020-11-17,2020-11-18,Natural,Storm,900000.0,18.0
2020,2020-11-17,2020-11-18,Natural,Storm,,1.0
2020,2020-11-20,2020-11-22,Natural,Flood,200.0,
2020,2020-11-21,2020-11-24,Natural,Flood,2300.0,7.0
2020,2020-11-22,2020-11-23,Natural,Storm,120000.0,9.0
2020,2020-11-23,2020-11-23,Natural,Landslide,12.0,18.0
2020,2020-11-24,2020-12-07,Natural,Flood,1000.0,7.0
2020,2020-11-25,2020-12-14,Natural,Flood,691659.0,29.0
2020,2020-11-25,2020-11-26,Natural,Storm,,14.0
2020,2020-11-27,2020-11-28,Natural,Flood,250.0,3.0
2020,2020-11-29,2020-12-31,Natural,Volcanic activity,19736.0,
2020,2020-11-29,2020-12-01,Natural,Flood,4900.0,
2020,2020-12-01,2020-12-01,Natural,Volcanic activity,550.0,
2020,2020-12-02,2020-12-10,Natural,Flood,110000.0,5.0
2020,2020-12-02,2020-12-05,Natural,Flood,111665.0,3.0
2020,2020-12-02,2020-12-03,Natural,Flood,4.0,18.0
2020,2020-12-04,2020-12-08,Natural,Flood,453.0,2.0
2020,2020-12-06,2020-12-08,Natural,Flood,1852.0,2.0
2020,2020-12-12,2020-12-15,Natural,Flood,18200.0,
2020,2020-12-16,2020-12-18,Natural,Storm,,
2020,2020-12-16,2020-12-21,Natural,Flood,139000.0,1.0
2020,2020-12-17,2020-12-18,Natural,Storm,22000.0,5.0
2020,2020-12-17,2020-12-21,Natural,Flood,339.0,21.0
2020,2020-12-18,2020-12-21,Natural,Storm,36032.0,9.0
2020,2020-12-20,2020-12-21,Natural,Flood,9273.0,
2020,2020-12-21,2020-12-21,Natural,Storm,4.0,1.0
2020,2020-12-21,2020-12-21,Natural,Landslide,11.0,10.0
2020,2020-12-22,2020-12-26,Natural,Flood,4272.0,3.0
2020,2020-12-25,2020-12-25,Natural,Landslide,,12.0
2020,2020-12-29,2020-12-30,Natural,Landslide,,13.0
2020,2020-12-29,2020-12-29,Natural,Earthquake,149407.0,8.0
2020,2020-12-30,2020-12-30,Natural,Landslide,1010.0,10.0
2021,2021-01-01,2021-01-05,Natural,Flood,50190.0,
2021,2021-01-01,2021-01-14,Natural,Flood,401.0,
2021,2021-01-01,2021-01-04,Natural,Storm,37830.0,6.0
2021,2021-01-02,2021-01-08,Natural,Flood,23776.0,8.0
2021,2021-01-04,2021-01-04,Natural,Flood,7.0,10.0
2021,2021-01-05,2021-01-11,Natural,Flood,175493.0,4.0
2021,2021-01-06,2021-01-08,Natural,Flood,1075.0,3.0
2021,2021-01-07,2021-01-12,Natural,Storm,394.0,23.0
2021,2021-01-08,2021-01-12,Natural,Storm,,4.0
2021,2021-01-08,2021-01-24,Natural,Flood,38160.0,2.0
2021,2021-01-08,2021-01-12,Natural,Storm,,18.0
2021,2021-01-10,2021-01-11,Natural,Flood,84.0,
2021,2021-01-10,2021-01-18,Natural,Flood,261580.0,2.0
2021,2021-01-11,2021-01-13,Natural,Flood,6000.0,
2021,2021-01-11,2021-01-12,Natural,Flood,22.0,
2021,2021-01-11,2021-01-12,Natural,Flood,25.0,
2021,2021-01-12,2021-01-15,Natural,Flood,3000.0,6.0
2021,2021-01-12,2021-01-15,Natural,Flood,2000.0,1.0
2021,2021-01-13,2021-01-15,Natural,Storm,,3.0
2021,2021-01-14,2021-01-27,Natural,Flood,142003.0,1.0
2021,2021-01-15,2021-01-21,Natural,Flood,126025.0,21.0
2021,2021-01-15,2021-01-15,Natural,Earthquake,100653.0,110.0
2021,2021-01-16,2021-01-20,Natural,Flood,4000.0,
2021,2021-01-16,2021-01-20,Natural,Flood,13000.0,1.0
2021,2021-01-17,2021-01-27,Natural,Flood,77965.0,8.0
2021,2021-01-17,2021-01-17,Natural,Volcanic activity,1329.0,
2021,2021-01-18,2021-01-18,Natural,Earthquake,1814.0,
2021,2021-01-21,2021-01-24,Natural,Flood,107.0,2.0
2021,2021-01-23,2021-01-23,Natural,Storm,,
2021,2021-01-23,2021-01-23,Natural,Storm,1000.0,1.0
2021,2021-01-23,2021-01-23,Natural,Storm,2000.0,3.0
2021,2021-01-23,2021-01-23,Natural,Storm,481901.0,11.0
2021,2021-01-24,2021-01-27,Natural,Storm,30.0,1.0
2021,2021-01-24,2021-01-29,Natural,Storm,75.0,2.0
2021,2021-01-24,2021-01-24,Natural,Storm,3200.0,4.0
2021,2021-01-29,2021-02-02,Natural,Storm,521.0,
2021,2021-01-30,2021-01-31,Natural,Storm,82751.0,6.0
2021,2021-01-31,2021-02-02,Natural,Flood,2000.0,10.0
2021,2021-02-01,2021-02-10,Natural,Flood,305.0,
2021,2021-02-01,2021-02-15,Natural,Flood,400.0,31.0
2021,2021-02-01,2021-02-28,Natural,Flood,10.0,24.0
2021,2021-02-01,2021-03-14,Natural,Flood,18003.0,6.0
2021,2021-02-01,2021-02-07,Natural,Wildfire,243.0,
2021,2021-02-03,2021-02-05,Natural,Flood,25400.0,2.0
2021,2021-02-07,2021-02-08,Natural,Glacial lake outburst,,234.0
2021,2021-02-09,2021-02-10,Natural,Flood,145000.0,9.0
2021,2021-02-10,2021-02-11,Natural,Flood,1875.0,1.0
2021,2021-02-10,2021-02-20,Natural,Storm,10.0,172.0
2021,2021-02-10,2021-02-22,Natural,Flood,100000.0,6.0
2021,2021-02-11,2021-02-12,Natural,Flood,18170.0,1.0
2021,2021-02-12,2021-02-20,Natural,Flood,12000.0,10.0
2021,2021-02-12,2021-02-20,Natural,Storm,,12.0
2021,2021-02-12,2021-02-17,Natural,Flood,11410.0,
2021,2021-02-13,2021-02-13,Natural,Earthquake,7892.0,1.0
2021,2021-02-14,2021-02-14,Natural,Landslide,191.0,19.0
2021,2021-02-16,2021-02-19,Natural,Flood,84.0,10.0
2021,2021-02-17,2021-02-17,Natural,Earthquake,24354.0,2.0
2021,2021-02-18,2021-02-22,Natural,Flood,1400.0,1.0
2021,2021-02-19,2021-02-23,Natural,Flood,228650.0,7.0
2021,2021-02-21,2021-02-22,Natural,Storm,,5.0
2021,2021-02-23,2021-02-26,Natural,Flood,90590.0,1.0
2021,2021-02-23,2021-02-26,Natural,Flood,250.0,
2021,2021-02-25,2021-03-01,Natural,Flood,51.0,1.0
2021,2021-02-25,2021-03-04,Natural,Storm,6000.0,
2021,2021-03-01,2021-03-01,Natural,Flood,90.0,
2021,2021-03-01,2021-03-02,Natural,Flood,1375.0,
2021,2021-03-02,2021-03-03,Natural,Flood,129.0,
2021,2021-03-03,2021-03-04,Natural,Flood,561.0,
2021,2021-03-03,2021-03-03,Natural,Earthquake,2711.0,
2021,2021-03-04,2021-03-16,Natural,Volcanic activity,,
2021,2021-03-04,2021-03-04,Natural,Landslide,,20.0
2021,2021-03-05,2021-03-07,Natural,Storm,,
2021,2021-03-06,2021-03-07,Natural,Flood,2500.0,10.0
2021,2021-03-08,2021-03-12,Natural,Wildfire,1207.0,15.0
2021,2021-03-08,2021-03-10,Natural,Flood,,1.0
2021,2021-03-14,2021-03-16,Natural,Storm,,
2021,2021-03-14,2021-03-15,Natural,Storm,8124.0,12.0
2021,2021-03-15,2021-03-16,Natural,Flood,1770.0,8.0
2021,2021-03-16,2021-03-18,Natural,Storm,92.0,
2021,2021-03-17,2021-03-18,Natural,Flood,1974.0,
2021,2021-03-18,2021-03-19,Natural,Flood,6000.0,2.0
2021,2021-03-20,2021-03-31,Natural,Flood,9000.0,1.0
2021,2021-03-20,2021-03-20,Natural,Earthquake,611.0,
2021,2021-03-22,2021-03-23,Natural,Storm,900.0,2.0
2021,2021-03-22,2021-03-23,Natural,Storm,1000.0,
2021,2021-03-22,2021-03-23,Natural,Flood,256.0,2.0
2021,2021-03-24,2021-03-24,Natural,Earthquake,195.0,3.0
2021,2021-03-24,2021-03-26,Natural,Storm,,6.0
2021,2021-03-25,2021-03-31,Natural,Flood,75506.0,
2021,2021-03-26,2021-03-26,Natural,Flood,243.0,1.0
2021,2021-03-27,2021-03-28,Natural,Flood,,8.0
2021,2021-04-01,2021-04-15,Natural,Flood,2595.0,
2021,2021-04-01,2021-04-05,Natural,Flood,365.0,3.0
2021,2021-04-02,2021-04-06,Natural,Storm,509625.0,226.0
2021,2021-04-03,2021-04-12,Natural,Flood,13380.0,10.0
2021,2021-04-05,2021-04-06,Natural,Storm,143670.0,41.0
2021,2021-04-07,2021-04-30,Natural,Flood,25958.0,2.0
2021,2021-04-09,2021-04-30,Natural,Volcanic activity,23400.0,
2021,2021-04-09,2021-04-11,Natural,Storm,7.0,3.0
2021,2021-04-11,2021-04-16,Natural,Flood,3274.0,
2021,2021-04-11,2021-04-11,Natural,Earthquake,5979.0,9.0
2021,2021-04-11,2021-04-11,Natural,Storm,2625.0,1.0
2021,2021-04-12,2021-05-20,Natural,Flood,40000.0,
2021,2021-04-13,2021-04-15,Natural,Storm,,13.0
2021,2021-04-13,2021-04-16,Natural,Storm,7288.0,
2021,2021-04-14,2021-04-14,Natural,Flood,1000.0,
2021,2021-04-16,2021-04-19,Natural,Flood,180.0,3.0
2021,2021-04-18,2021-04-18,Natural,Earthquake,3543.0,
2021,2021-04-18,2021-04-26,Natural,Flood,2245.0,
2021,2021-04-19,2021-04-21,Natural,Flood,14000.0,
2021,2021-04-19,2021-04-19,Natural,Flood,11000.0,24.0
2021,2021-04-20,2021-06-05,Natural,Flood,455005.0,
2021,2021-04-20,2021-04-21,Natural,Flood,105.0,
2021,2021-04-22,2021-04-22,Natural,Storm,15000.0,10.0
2021,2021-04-23,2021-04-26,Natural,Flood,7500.0,
2021,2021-04-23,2021-04-23,Natural,Glacial lake outburst,24.0,16.0
2021,2021-04-24,2021-04-26,Natural,Storm,30001.0,
2021,2021-04-26,2021-04-27,Natural,Flood,3280.0,
2021,2021-04-27,2021-05-02,Natural,Storm,,
2021,2021-04-27,2021-04-29,Natural,Flood,4800.0,
2021,2021-04-28,2021-05-02,Natural,Flood,,
2021,2021-04-28,2021-04-28,Natural,Earthquake,3010.0,2.0
2021,2021-04-28,2021-04-28,Natural,Earthquake,502.0,
2021,2021-04-29,2021-05-01,Natural,Landslide,1470.0,13.0
2021,2021-04-30,2021-05-01,Natural,Storm,13666.0,11.0
2021,2021-04-30,2021-05-04,Natural,Flood,1200.0,
